nombre,coherencia,stim,resp,rt
AL_2019_09_09_11_46_34.mat,0.1,1,0,2.250144779
AL_2019_09_09_11_46_34.mat,0.7,0,0,1.396479575
AL_2019_09_09_11_46_34.mat,0.15,0,0,1.848914372
AL_2019_09_09_11_46_34.mat,0.7,0,0,1.849244355
AL_2019_09_09_11_46_34.mat,0.15,1,1,1.382701905
AL_2019_09_09_11_46_34.mat,0.2,0,0,1.632687941
AL_2019_09_09_11_46_34.mat,0.3,0,1,2.498518583
AL_2019_09_09_11_46_34.mat,0.7,1,0,1.763739481
AL_2019_09_09_11_46_34.mat,0.2,0,0,1.559808179
AL_2019_09_09_11_46_34.mat,0.15,1,1,1.562857497
AL_2019_09_09_11_46_34.mat,0.15,0,0,2.232935377
AL_2019_09_09_11_46_34.mat,0.2,1,1,2.161444607
AL_2019_09_09_11_46_34.mat,0.2,0,0,1.866815515
AL_2019_09_09_11_46_34.mat,0.2,1,1,1.93056783
AL_2019_09_09_11_46_34.mat,0.7,0,0,1.032117316
AL_2019_09_09_11_46_34.mat,0.3,0,0,0.915653394
AL_2019_09_09_11_46_34.mat,0.7,1,1,0.951020874
AL_2019_09_09_11_46_34.mat,0.1,1,0,1.080057229
AL_2019_09_09_11_46_34.mat,0.15,1,1,1.216682733
AL_2019_09_09_11_46_34.mat,0.3,0,0,1.215242543
AL_2019_09_09_11_46_34.mat,0.1,0,0,1.181970328
AL_2019_09_09_11_46_34.mat,0.7,1,0,2.231538333
AL_2019_09_09_11_46_34.mat,0.2,0,0,1.478596492
AL_2019_09_09_11_46_34.mat,0.3,1,1,1.066708171
AL_2019_09_09_11_46_34.mat,0.15,1,0,1.298176889
AL_2019_09_09_11_46_34.mat,0.15,0,0,1.199667968
AL_2019_09_09_11_46_34.mat,0.15,1,1,1.548783314
AL_2019_09_09_11_46_34.mat,0.3,0,0,1.349506932
AL_2019_09_09_11_46_34.mat,0.1,1,1,2.081529183
AL_2019_09_09_11_46_34.mat,0.7,1,1,0.950520415
AL_2019_09_09_11_46_34.mat,0.2,0,0,0.697846609
AL_2019_09_09_11_46_34.mat,0.7,1,1,0.649454669
AL_2019_09_09_11_46_34.mat,0.3,1,0,1.016767917
AL_2019_09_09_11_46_34.mat,0.3,1,0,1.3625048
AL_2019_09_09_11_46_34.mat,0.1,1,0,1.415382705
AL_2019_09_09_11_46_34.mat,0.3,0,0,0.967604782
AL_2019_09_09_11_46_34.mat,0.1,0,0,1.131630226
AL_2019_09_09_11_46_34.mat,0.15,0,0,1.682447136
AL_2019_09_09_11_46_34.mat,0.2,1,0,1.531485782
AL_2019_09_09_11_46_34.mat,0.3,0,0,0.849276109
AL_2019_09_09_11_46_34.mat,0.1,0,0,2.319045717
AL_2019_09_09_11_46_34.mat,0.1,1,0,1.647107571
AL_2019_09_09_11_46_34.mat,0.2,1,0,1.915172953
AL_2019_09_09_11_46_34.mat,0.1,0,0,1.449795562
AL_2019_09_09_11_46_34.mat,0.3,1,0,2.182482216
AL_2019_09_09_11_46_34.mat,0.2,1,0,1.49707761
AL_2019_09_09_11_46_34.mat,0.2,1,0,1.683254866
AL_2019_09_09_11_46_34.mat,0.7,1,1,3.399856883
AL_2019_09_09_11_46_34.mat,0.3,1,0,0.914928597
AL_2019_09_09_11_46_34.mat,0.1,1,0,1.682345446
AL_2019_09_09_11_46_34.mat,0.7,0,0,1.25018931
AL_2019_09_09_11_46_34.mat,0.1,0,1,1.648894344
AL_2019_09_09_11_46_34.mat,0.7,0,0,0.983674108
AL_2019_09_09_11_46_34.mat,0.15,1,0,1.831999512
AL_2019_09_09_11_46_34.mat,0.7,0,0,1.180586264
AL_2019_09_09_11_46_34.mat,0.2,0,0,1.683072557
AL_2019_09_09_11_46_34.mat,0.1,0,0,4.148279263
AL_2019_09_09_11_46_34.mat,0.15,0,0,1.58395857
AL_2019_09_09_11_46_34.mat,0.3,1,1,1.097650001
AL_2019_09_09_11_46_34.mat,0.15,0,0,0.701167645
AR_2019_09_09_11_40_54.mat,0.3,1,1,3.183274201
AR_2019_09_09_11_40_54.mat,0.1,1,0,3.366434948
AR_2019_09_09_11_40_54.mat,0.7,0,0,1.145807863
AR_2019_09_09_11_40_54.mat,0.3,1,1,0.850491951
AR_2019_09_09_11_40_54.mat,0.1,0,0,0.698524923
AR_2019_09_09_11_40_54.mat,0.15,0,0,1.698058258
AR_2019_09_09_11_40_54.mat,0.3,0,0,1.347901817
AR_2019_09_09_11_40_54.mat,0.2,1,1,2.598278892
AR_2019_09_09_11_40_54.mat,0.7,1,1,1.884561928
AR_2019_09_09_11_40_54.mat,0.3,0,0,0.731084942
AR_2019_09_09_11_40_54.mat,0.15,0,0,1.064222941
AR_2019_09_09_11_40_54.mat,0.7,0,0,0.83473132
AR_2019_09_09_11_40_54.mat,0.7,1,1,0.566068382
AR_2019_09_09_11_40_54.mat,0.7,1,0,1.164944165
AR_2019_09_09_11_40_54.mat,0.7,0,0,0.850801808
AR_2019_09_09_11_40_54.mat,0.2,0,0,1.098943605
AR_2019_09_09_11_40_54.mat,0.1,0,0,1.397129906
AR_2019_09_09_11_40_54.mat,0.3,1,1,0.965184052
AR_2019_09_09_11_40_54.mat,0.7,0,0,0.815671339
AR_2019_09_09_11_40_54.mat,0.1,0,1,2.285615814
AR_2019_09_09_11_40_54.mat,0.1,1,1,1.564145795
AR_2019_09_09_11_40_54.mat,0.2,1,1,1.732625123
AR_2019_09_09_11_40_54.mat,0.1,0,0,1.682564264
AR_2019_09_09_11_40_54.mat,0.2,0,0,2.516671573
AR_2019_09_09_11_40_54.mat,0.1,1,1,1.849123971
AR_2019_09_09_11_40_54.mat,0.15,1,0,1.232600528
AR_2019_09_09_11_40_54.mat,0.2,1,1,1.399205345
AR_2019_09_09_11_40_54.mat,0.7,1,1,0.882301118
AR_2019_09_09_11_40_54.mat,0.15,0,0,0.899364727
AR_2019_09_09_11_40_54.mat,0.15,1,1,0.865907683
AR_2019_09_09_11_40_54.mat,0.7,1,1,0.749387408
AR_2019_09_09_11_40_54.mat,0.2,1,0,2.848327848
AR_2019_09_09_11_40_54.mat,0.3,1,1,1.317952646
AR_2019_09_09_11_40_54.mat,0.15,0,0,1.598523482
AR_2019_09_09_11_40_54.mat,0.2,0,0,1.065592037
AR_2019_09_09_11_40_54.mat,0.1,1,1,1.016286377
AR_2019_09_09_11_40_54.mat,0.2,0,0,1.084777113
AR_2019_09_09_11_40_54.mat,0.15,1,1,1.064448772
AR_2019_09_09_11_40_54.mat,0.1,1,1,1.70500197
AR_2019_09_09_11_40_54.mat,0.2,0,0,0.746987863
AR_2019_09_09_11_40_54.mat,0.15,1,1,1.301101515
AR_2019_09_09_11_40_54.mat,0.7,0,0,0.749213504
AR_2019_09_09_11_40_54.mat,0.15,1,1,0.881987862
AR_2019_09_09_11_40_54.mat,0.3,0,0,0.965068579
AR_2019_09_09_11_40_54.mat,0.15,0,0,1.316415593
AR_2019_09_09_11_40_54.mat,0.3,0,0,1.065579828
AR_2019_09_09_11_40_54.mat,0.3,1,1,0.767135377
AR_2019_09_09_11_40_54.mat,0.7,0,0,0.631200083
AR_2019_09_09_11_40_54.mat,0.15,1,1,0.817193318
AR_2019_09_09_11_40_54.mat,0.2,0,0,0.964523649
AR_2019_09_09_11_40_54.mat,0.3,0,0,1.032082555
AR_2019_09_09_11_40_54.mat,0.15,0,0,1.617858707
AR_2019_09_09_11_40_54.mat,0.1,1,1,0.996875725
AR_2019_09_09_11_40_54.mat,0.2,1,1,1.182732685
AR_2019_09_09_11_40_54.mat,0.1,0,0,1.850214202
AR_2019_09_09_11_40_54.mat,0.2,1,1,1.28145623
AR_2019_09_09_11_40_54.mat,0.7,1,1,0.80071046
AR_2019_09_09_11_40_54.mat,0.3,0,0,0.716366907
AR_2019_09_09_11_40_54.mat,0.3,1,1,0.849563637
AR_2019_09_09_11_40_54.mat,0.1,0,0,1.048010045
AS_2019_09_09_11_35_57.mat,0.3,1,1,2.233827226
AS_2019_09_09_11_35_57.mat,0.1,0,0,1.445176834
AS_2019_09_09_11_35_57.mat,0.1,1,1,1.731894274
AS_2019_09_09_11_35_57.mat,0.1,1,1,2.499965585
AS_2019_09_09_11_35_57.mat,0.15,1,1,2.081420213
AS_2019_09_09_11_35_57.mat,0.3,0,0,1.017133281
AS_2019_09_09_11_35_57.mat,0.3,0,0,1.781596477
AS_2019_09_09_11_35_57.mat,0.2,1,1,0.849629155
AS_2019_09_09_11_35_57.mat,0.7,1,1,1.832848424
AS_2019_09_09_11_35_57.mat,0.2,1,1,1.299572476
AS_2019_09_09_11_35_57.mat,0.2,1,1,1.349606479
AS_2019_09_09_11_35_57.mat,0.15,0,0,1.597809331
AS_2019_09_09_11_35_57.mat,0.2,0,0,1.600868553
AS_2019_09_09_11_35_57.mat,0.7,0,0,1.3645137
AS_2019_09_09_11_35_57.mat,0.1,0,1,1.09883329
AS_2019_09_09_11_35_57.mat,0.7,0,0,0.814795117
AS_2019_09_09_11_35_57.mat,0.3,1,1,1.098692281
AS_2019_09_09_11_35_57.mat,0.7,1,1,1.099264607
AS_2019_09_09_11_35_57.mat,0.2,0,0,1.600080432
AS_2019_09_09_11_35_57.mat,0.2,0,0,2.449242115
AS_2019_09_09_11_35_57.mat,0.3,1,1,0.99656049
AS_2019_09_09_11_35_57.mat,0.2,0,0,0.996754508
AS_2019_09_09_11_35_57.mat,0.2,0,0,1.434185917
AS_2019_09_09_11_35_57.mat,0.3,0,0,1.331636306
AS_2019_09_09_11_35_57.mat,0.15,0,0,2.848905251
AS_2019_09_09_11_35_57.mat,0.15,0,0,3.15088793
AS_2019_09_09_11_35_57.mat,0.1,0,0,1.463730333
AS_2019_09_09_11_35_57.mat,0.1,1,1,1.699835636
AS_2019_09_09_11_35_57.mat,0.15,1,1,1.748624472
AS_2019_09_09_11_35_57.mat,0.15,1,0,2.632630489
AS_2019_09_09_11_35_57.mat,0.1,0,0,1.365890761
AS_2019_09_09_11_35_57.mat,0.7,1,1,1.318067928
AS_2019_09_09_11_35_57.mat,0.7,0,0,0.797701508
AS_2019_09_09_11_35_57.mat,0.3,1,1,0.863995826
AS_2019_09_09_11_35_57.mat,0.15,0,0,1.099472433
AS_2019_09_09_11_35_57.mat,0.15,0,0,1.786081014
AS_2019_09_09_11_35_57.mat,0.2,1,1,1.06579637
AS_2019_09_09_11_35_57.mat,0.3,1,1,2.183374077
AS_2019_09_09_11_35_57.mat,0.2,0,0,0.831522557
AS_2019_09_09_11_35_57.mat,0.2,1,1,1.166497531
AS_2019_09_09_11_35_57.mat,0.7,1,1,1.048448896
AS_2019_09_09_11_35_57.mat,0.15,0,0,0.933019865
AS_2019_09_09_11_35_57.mat,0.1,1,1,1.200124192
AS_2019_09_09_11_35_57.mat,0.2,1,1,1.216264557
AS_2019_09_09_11_35_57.mat,0.15,1,1,1.748498788
AS_2019_09_09_11_35_57.mat,0.1,1,1,1.915186148
AS_2019_09_09_11_35_57.mat,0.3,0,0,0.799542482
AS_2019_09_09_11_35_57.mat,0.7,1,1,1.217089514
AS_2019_09_09_11_35_57.mat,0.15,1,1,2.331788713
AS_2019_09_09_11_35_57.mat,0.1,0,0,1.400678726
AS_2019_09_09_11_35_57.mat,0.3,1,1,1.748030335
AS_2019_09_09_11_35_57.mat,0.3,0,0,1.082909293
AS_2019_09_09_11_35_57.mat,0.7,0,0,1.399224453
AS_2019_09_09_11_35_57.mat,0.7,0,0,1.166317475
AS_2019_09_09_11_35_57.mat,0.3,0,0,1.648642955
AS_2019_09_09_11_35_57.mat,0.15,1,1,1.382894365
AS_2019_09_09_11_35_57.mat,0.7,0,0,0.684042987
AS_2019_09_09_11_35_57.mat,0.1,1,1,1.713889299
AS_2019_09_09_11_35_57.mat,0.1,0,1,1.466995216
AS_2019_09_09_11_35_57.mat,0.7,1,1,1.332454894
BB_2019_09_09_11_30_27.mat,0.7,1,1,2.031600987
BB_2019_09_09_11_30_27.mat,0.3,1,0,4.076687606
BB_2019_09_09_11_30_27.mat,0.15,0,0,3.863938025
BB_2019_09_09_11_30_27.mat,0.3,1,1,3.91661587
BB_2019_09_09_11_30_27.mat,0.2,0,0,2.181038606
BB_2019_09_09_11_30_27.mat,0.7,0,0,1.684780065
BB_2019_09_09_11_30_27.mat,0.3,1,1,1.48188281
BB_2019_09_09_11_30_27.mat,0.7,1,1,1.415519003
BB_2019_09_09_11_30_27.mat,0.2,0,0,2.080954285
BB_2019_09_09_11_30_27.mat,0.3,0,0,3.766160085
BB_2019_09_09_11_30_27.mat,0.2,1,1,1.401370101
BB_2019_09_09_11_30_27.mat,0.7,0,0,0.765467292
BB_2019_09_09_11_30_27.mat,0.3,0,0,1.666073273
BB_2019_09_09_11_30_27.mat,0.1,1,1,2.8311789
BB_2019_09_09_11_30_27.mat,0.3,1,1,2.631797965
BB_2019_09_09_11_30_27.mat,0.2,1,1,3.668179535
BB_2019_09_09_11_30_27.mat,0.2,0,0,1.265702442
BB_2019_09_09_11_30_27.mat,0.15,0,0,2.749865108
BB_2019_09_09_11_30_27.mat,0.7,1,1,0.964137286
BB_2019_09_09_11_30_27.mat,0.15,1,1,1.081532666
BB_2019_09_09_11_30_27.mat,0.3,1,1,1.316291562
BB_2019_09_09_11_30_27.mat,0.1,1,0,4.232360152
BB_2019_09_09_11_30_27.mat,0.2,1,1,1.982197368
BB_2019_09_09_11_30_27.mat,0.7,0,0,0.815096086
BB_2019_09_09_11_30_27.mat,0.1,0,1,2.018453892
BB_2019_09_09_11_30_27.mat,0.2,0,0,3.315868623
BB_2019_09_09_11_30_27.mat,0.2,1,1,1.197302882
BB_2019_09_09_11_30_27.mat,0.1,0,0,1.099200273
BB_2019_09_09_11_30_27.mat,0.15,0,1,2.75078662
BB_2019_09_09_11_30_27.mat,0.7,0,0,0.71420728
BB_2019_09_09_11_30_27.mat,0.1,1,1,2.051134103
BB_2019_09_09_11_30_27.mat,0.15,1,1,2.614916414
BB_2019_09_09_11_30_27.mat,0.15,0,0,4.497661911
BB_2019_09_09_11_30_27.mat,0.15,1,1,2.114584254
BB_2019_09_09_11_30_27.mat,0.2,0,0,2.41688828
BB_2019_09_09_11_30_27.mat,0.1,1,1,2.981344566
BB_2019_09_09_11_30_27.mat,0.15,0,0,1.667780409
BB_2019_09_09_11_30_27.mat,0.15,0,1,4.249063889
BB_2019_09_09_11_30_27.mat,0.3,0,0,1.632156306
BB_2019_09_09_11_30_27.mat,0.15,1,1,1.63420053
BB_2019_09_09_11_30_27.mat,0.3,0,0,1.431365271
BB_2019_09_09_11_30_27.mat,0.1,1,1,1.90124909
BB_2019_09_09_11_30_27.mat,0.1,0,0,1.99887143
BB_2019_09_09_11_30_27.mat,0.1,0,1,3.931680595
BB_2019_09_09_11_30_27.mat,0.1,0,0,2.06567535
BB_2019_09_09_11_30_27.mat,0.3,1,1,1.264659825
BB_2019_09_09_11_30_27.mat,0.7,0,0,0.731063127
BB_2019_09_09_11_30_27.mat,0.15,1,1,1.149169471
BB_2019_09_09_11_30_27.mat,0.7,1,1,0.918146025
BB_2019_09_09_11_30_27.mat,0.3,0,0,0.86521501
BB_2019_09_09_11_30_27.mat,0.3,0,0,1.115176286
BB_2019_09_09_11_30_27.mat,0.2,1,1,1.916480164
BB_2019_09_09_11_30_27.mat,0.1,0,0,3.732747889
BB_2019_09_09_11_30_27.mat,0.1,1,1,2.16469438
BB_2019_09_09_11_30_27.mat,0.15,1,1,1.298757094
BB_2019_09_09_11_30_27.mat,0.2,1,1,1.751517425
BB_2019_09_09_11_30_27.mat,0.2,0,0,1.946321041
BB_2019_09_09_11_30_27.mat,0.7,0,0,0.95135855
BB_2019_09_09_11_30_27.mat,0.7,1,1,0.731114635
BB_2019_09_09_11_30_27.mat,0.7,1,1,0.91564074
CF_2019_09_09_11_27_00.mat,0.2,1,0,1.713951345
CF_2019_09_09_11_27_00.mat,0.3,0,1,1.513125992
CF_2019_09_09_11_27_00.mat,0.1,0,0,2.250696685
CF_2019_09_09_11_27_00.mat,0.3,0,1,2.881334337
CF_2019_09_09_11_27_00.mat,0.2,1,1,3.200303473
CF_2019_09_09_11_27_00.mat,0.1,0,0,2.113670404
CF_2019_09_09_11_27_00.mat,0.15,1,1,1.151123245
CF_2019_09_09_11_27_00.mat,0.7,1,1,1.047114348
CF_2019_09_09_11_27_00.mat,0.15,1,1,2.365147255
CF_2019_09_09_11_27_00.mat,0.2,0,0,1.018541929
CF_2019_09_09_11_27_00.mat,0.15,1,1,1.49886195
CF_2019_09_09_11_27_00.mat,0.7,1,1,1.382605027
CF_2019_09_09_11_27_00.mat,0.3,1,1,2.16433726
CF_2019_09_09_11_27_00.mat,0.3,1,1,2.522737699
CF_2019_09_09_11_27_00.mat,0.3,0,0,1.366846915
CF_2019_09_09_11_27_00.mat,0.2,0,1,2.818210913
CF_2019_09_09_11_27_00.mat,0.7,0,0,1.097193381
CF_2019_09_09_11_27_00.mat,0.2,1,1,1.16609592
CF_2019_09_09_11_27_00.mat,0.1,1,1,2.417770355
CF_2019_09_09_11_27_00.mat,0.3,1,1,1.564204639
CF_2019_09_09_11_27_00.mat,0.1,1,0,1.462913678
CF_2019_09_09_11_27_00.mat,0.15,0,1,3.016341429
CF_2019_09_09_11_27_00.mat,0.2,0,0,1.246675311
CF_2019_09_09_11_27_00.mat,0.7,1,1,1.065696905
CF_2019_09_09_11_27_00.mat,0.7,1,1,2.033698391
CF_2019_09_09_11_27_00.mat,0.1,1,0,2.483050806
CF_2019_09_09_11_27_00.mat,0.15,0,0,1.459577055
CF_2019_09_09_11_27_00.mat,0.1,1,1,1.455370342
CF_2019_09_09_11_27_00.mat,0.3,1,1,1.84824489
CF_2019_09_09_11_27_00.mat,0.1,0,0,1.017072204
CF_2019_09_09_11_27_00.mat,0.2,1,1,2.815978659
CF_2019_09_09_11_27_00.mat,0.15,1,1,2.6998958
CF_2019_09_09_11_27_00.mat,0.15,0,0,0.997854473
CF_2019_09_09_11_27_00.mat,0.2,0,0,2.618176505
CF_2019_09_09_11_27_00.mat,0.1,0,0,2.481300236
CF_2019_09_09_11_27_00.mat,0.1,0,0,2.865206526
CF_2019_09_09_11_27_00.mat,0.7,0,0,0.816213675
CF_2019_09_09_11_27_00.mat,0.7,0,0,0.881307915
CF_2019_09_09_11_27_00.mat,0.2,1,1,1.183034904
CF_2019_09_09_11_27_00.mat,0.3,1,1,1.082221432
CF_2019_09_09_11_27_00.mat,0.3,1,1,0.832998512
CF_2019_09_09_11_27_00.mat,0.15,1,1,1.598980175
CF_2019_09_09_11_27_00.mat,0.7,1,1,0.882713583
CF_2019_09_09_11_27_00.mat,0.15,1,1,2.26639061
CF_2019_09_09_11_27_00.mat,0.15,0,0,0.83255467
CF_2019_09_09_11_27_00.mat,0.3,0,0,1.148436747
CF_2019_09_09_11_27_00.mat,0.1,0,0,1.647897821
CF_2019_09_09_11_27_00.mat,0.7,0,0,0.816902865
CF_2019_09_09_11_27_00.mat,0.1,1,1,0.965586425
CF_2019_09_09_11_27_00.mat,0.7,0,0,0.598667177
CF_2019_09_09_11_27_00.mat,0.3,0,1,2.250390809
CF_2019_09_09_11_27_00.mat,0.7,1,1,0.765273435
CF_2019_09_09_11_27_00.mat,0.15,0,0,0.767166183
CF_2019_09_09_11_27_00.mat,0.2,0,0,1.849876879
CF_2019_09_09_11_27_00.mat,0.1,1,1,1.413927636
CF_2019_09_09_11_27_00.mat,0.15,0,0,0.835099565
CF_2019_09_09_11_27_00.mat,0.2,1,1,1.030442872
CF_2019_09_09_11_27_00.mat,0.2,0,0,0.782598134
CF_2019_09_09_11_27_00.mat,0.3,0,0,1.532871707
CF_2019_09_09_11_27_00.mat,0.7,0,0,0.68160149
EL_2019_09_09_11_43_34.mat,0.2,0,0,2.550621202
EL_2019_09_09_11_43_34.mat,0.1,0,1,4.213326438
EL_2019_09_09_11_43_34.mat,0.1,1,1,4.698654925
EL_2019_09_09_11_43_34.mat,0.7,1,1,1.734777281
EL_2019_09_09_11_43_34.mat,0.3,1,1,1.73099828
EL_2019_09_09_11_43_34.mat,0.7,0,0,0.816825205
EL_2019_09_09_11_43_34.mat,0.2,0,0,2.763424844
EL_2019_09_09_11_43_34.mat,0.15,1,1,2.568223321
EL_2019_09_09_11_43_34.mat,0.15,1,1,4.2499462
EL_2019_09_09_11_43_34.mat,0.7,0,0,1.065565407
EL_2019_09_09_11_43_34.mat,0.2,1,1,1.397082596
EL_2019_09_09_11_43_34.mat,0.15,0,0,1.151366884
EL_2019_09_09_11_43_34.mat,0.1,1,1,2.381166743
EL_2019_09_09_11_43_34.mat,0.15,0,0,1.181938205
EL_2019_09_09_11_43_34.mat,0.2,1,1,1.11612859
EL_2019_09_09_11_43_34.mat,0.3,0,0,0.88445193
EL_2019_09_09_11_43_34.mat,0.1,1,1,1.36516272
EL_2019_09_09_11_43_34.mat,0.7,1,1,1.016122505
EL_2019_09_09_11_43_34.mat,0.2,1,1,3.565964029
EL_2019_09_09_11_43_34.mat,0.1,0,0,1.51475372
EL_2019_09_09_11_43_34.mat,0.1,0,0,1.566199022
EL_2019_09_09_11_43_34.mat,0.1,0,0,2.21541594
EL_2019_09_09_11_43_34.mat,0.3,1,1,1.016740986
EL_2019_09_09_11_43_34.mat,0.15,1,1,1.182718265
EL_2019_09_09_11_43_34.mat,0.15,1,1,1.264245713
EL_2019_09_09_11_43_34.mat,0.3,1,1,1.066754942
EL_2019_09_09_11_43_34.mat,0.1,1,0,3.181719098
EL_2019_09_09_11_43_34.mat,0.1,1,1,5.49813437
EL_2019_09_09_11_43_34.mat,0.2,1,1,1.267627455
EL_2019_09_09_11_43_34.mat,0.3,0,0,0.864139689
EL_2019_09_09_11_43_34.mat,0.15,0,0,1.101394712
EL_2019_09_09_11_43_34.mat,0.7,1,1,0.764342046
EL_2019_09_09_11_43_34.mat,0.7,0,0,0.750955315
EL_2019_09_09_11_43_34.mat,0.3,0,0,1.114537525
EL_2019_09_09_11_43_34.mat,0.7,0,0,0.94840612
EL_2019_09_09_11_43_34.mat,0.15,0,0,4.001512113
EL_2019_09_09_11_43_34.mat,0.2,0,0,1.214742715
EL_2019_09_09_11_43_34.mat,0.3,0,0,1.2833969
EL_2019_09_09_11_43_34.mat,0.3,1,1,0.947654855
EL_2019_09_09_11_43_34.mat,0.15,0,0,2.916593941
EL_2019_09_09_11_43_34.mat,0.15,1,1,0.865620772
EL_2019_09_09_11_43_34.mat,0.7,0,0,0.799205065
EL_2019_09_09_11_43_34.mat,0.3,0,0,2.332538113
EL_2019_09_09_11_43_34.mat,0.7,0,0,0.932801725
EL_2019_09_09_11_43_34.mat,0.7,1,1,0.69909175
EL_2019_09_09_11_43_34.mat,0.7,1,1,0.782453678
EL_2019_09_09_11_43_34.mat,0.2,0,0,2.101578452
EL_2019_09_09_11_43_34.mat,0.15,1,1,0.814126753
EL_2019_09_09_11_43_34.mat,0.3,0,0,0.865033644
EL_2019_09_09_11_43_34.mat,0.3,1,1,0.734009107
EL_2019_09_09_11_43_34.mat,0.7,1,1,1.064263661
EL_2019_09_09_11_43_34.mat,0.15,0,0,1.650244573
EL_2019_09_09_11_43_34.mat,0.1,1,1,2.650488827
EL_2019_09_09_11_43_34.mat,0.2,1,1,1.265560378
EL_2019_09_09_11_43_34.mat,0.1,0,0,0.846265702
EL_2019_09_09_11_43_34.mat,0.2,1,1,0.866933337
EL_2019_09_09_11_43_34.mat,0.1,0,0,1.017094855
EL_2019_09_09_11_43_34.mat,0.2,0,0,1.063956842
EL_2019_09_09_11_43_34.mat,0.2,0,0,1.150858095
EL_2019_09_09_11_43_34.mat,0.3,1,1,0.681131092
FA_2019_09_09_11_54_00.mat,0.1,0,0,1.785530292
FA_2019_09_09_11_54_00.mat,0.7,0,0,5.849127
FA_2019_09_09_11_54_00.mat,0.3,1,1,0.846929003
FA_2019_09_09_11_54_00.mat,0.15,0,0,0.91654747
FA_2019_09_09_11_54_00.mat,0.1,0,0,3.734362572
FA_2019_09_09_11_54_00.mat,0.2,0,0,2.531480928
FA_2019_09_09_11_54_00.mat,0.7,1,1,0.647842477
FA_2019_09_09_11_54_00.mat,0.3,1,1,0.832638735
FA_2019_09_09_11_54_00.mat,0.15,1,0,2.300203458
FA_2019_09_09_11_54_00.mat,0.1,0,0,1.948322802
FA_2019_09_09_11_54_00.mat,0.2,1,1,1.76479968
FA_2019_09_09_11_54_00.mat,0.15,1,1,2.216387671
FA_2019_09_09_11_54_00.mat,0.2,0,0,1.131321752
FA_2019_09_09_11_54_00.mat,0.3,1,1,1.36602941
FA_2019_09_09_11_54_00.mat,0.7,0,0,0.666625495
FA_2019_09_09_11_54_00.mat,0.15,0,0,2.384044202
FA_2019_09_09_11_54_00.mat,0.7,1,1,1.949226023
FA_2019_09_09_11_54_00.mat,0.3,1,1,1.264875068
FA_2019_09_09_11_54_00.mat,0.2,0,0,0.86734107
FA_2019_09_09_11_54_00.mat,0.7,1,1,0.730564868
FA_2019_09_09_11_54_00.mat,0.7,1,1,1.217629718
FA_2019_09_09_11_54_00.mat,0.2,1,0,0.86519489
FA_2019_09_09_11_54_00.mat,0.1,0,0,1.100325455
FA_2019_09_09_11_54_00.mat,0.1,0,0,1.263068
FA_2019_09_09_11_54_00.mat,0.3,1,1,1.167134865
FA_2019_09_09_11_54_00.mat,0.2,0,0,1.050793534
FA_2019_09_09_11_54_00.mat,0.1,1,1,1.165258692
FA_2019_09_09_11_54_00.mat,0.3,0,0,0.630784593
FA_2019_09_09_11_54_00.mat,0.3,0,0,0.665711063
FA_2019_09_09_11_54_00.mat,0.2,0,0,0.579740061
FA_2019_09_09_11_54_00.mat,0.3,1,1,0.682612348
FA_2019_09_09_11_54_00.mat,0.2,1,0,1.36751015
FA_2019_09_09_11_54_00.mat,0.15,0,0,0.86376934
FA_2019_09_09_11_54_00.mat,0.1,1,1,1.000242115
FA_2019_09_09_11_54_00.mat,0.3,0,0,0.582570645
FA_2019_09_09_11_54_00.mat,0.7,0,0,0.665134067
FA_2019_09_09_11_54_00.mat,0.15,1,1,0.799822152
FA_2019_09_09_11_54_00.mat,0.2,1,1,0.815463503
FA_2019_09_09_11_54_00.mat,0.1,1,0,2.09942883
FA_2019_09_09_11_54_00.mat,0.2,1,1,2.23261042
FA_2019_09_09_11_54_00.mat,0.7,1,1,0.899800687
FA_2019_09_09_11_54_00.mat,0.1,1,0,2.446902978
FA_2019_09_09_11_54_00.mat,0.2,0,0,0.701446845
FA_2019_09_09_11_54_00.mat,0.3,0,0,0.863384496
FA_2019_09_09_11_54_00.mat,0.7,0,0,0.749785525
FA_2019_09_09_11_54_00.mat,0.15,1,1,0.915453546
FA_2019_09_09_11_54_00.mat,0.1,0,0,0.882794375
FA_2019_09_09_11_54_00.mat,0.3,0,0,0.601469362
FA_2019_09_09_11_54_00.mat,0.2,1,1,3.380098455
FA_2019_09_09_11_54_00.mat,0.15,0,0,0.583097125
FA_2019_09_09_11_54_00.mat,0.15,0,0,1.415614375
FA_2019_09_09_11_54_00.mat,0.15,0,0,0.79956072
FA_2019_09_09_11_54_00.mat,0.1,1,1,1.017742559
FA_2019_09_09_11_54_00.mat,0.7,0,0,0.632378911
FA_2019_09_09_11_54_00.mat,0.1,1,1,0.933340987
FA_2019_09_09_11_54_00.mat,0.7,1,1,0.615612445
FA_2019_09_09_11_54_00.mat,0.15,1,1,0.882407355
FA_2019_09_09_11_54_00.mat,0.3,0,0,0.68180404
FA_2019_09_09_11_54_00.mat,0.15,1,1,1.28219967
FA_2019_09_09_11_54_00.mat,0.7,0,0,0.582802445
FD_2019_09_09_11_09_21.mat,0.15,0,0,3.213104412
FD_2019_09_09_11_09_21.mat,0.7,1,1,0.693828858
FD_2019_09_09_11_09_21.mat,0.1,0,0,0.579430357
FD_2019_09_09_11_09_21.mat,0.2,0,0,0.83083816
FD_2019_09_09_11_09_21.mat,0.3,1,1,0.58325581
FD_2019_09_09_11_09_21.mat,0.1,0,0,0.580600986
FD_2019_09_09_11_09_21.mat,0.15,0,0,0.666793695
FD_2019_09_09_11_09_21.mat,0.7,1,1,0.532044656
FD_2019_09_09_11_09_21.mat,0.3,0,0,0.566296524
FD_2019_09_09_11_09_21.mat,0.3,0,0,0.767783775
FD_2019_09_09_11_09_21.mat,0.1,1,1,0.681920873
FD_2019_09_09_11_09_21.mat,0.2,1,1,0.714157578
FD_2019_09_09_11_09_21.mat,0.3,1,1,0.699135072
FD_2019_09_09_11_09_21.mat,0.3,1,1,0.67965513
FD_2019_09_09_11_09_21.mat,0.15,1,1,0.71578076
FD_2019_09_09_11_09_21.mat,0.2,1,1,0.800600745
FD_2019_09_09_11_09_21.mat,0.3,0,0,0.499114872
FD_2019_09_09_11_09_21.mat,0.2,0,0,0.646994314
FD_2019_09_09_11_09_21.mat,0.15,0,0,0.750241083
FD_2019_09_09_11_09_21.mat,0.3,0,0,0.731466386
FD_2019_09_09_11_09_21.mat,0.2,0,0,0.566676763
FD_2019_09_09_11_09_21.mat,0.1,0,1,1.215114392
FD_2019_09_09_11_09_21.mat,0.3,1,1,0.667525227
FD_2019_09_09_11_09_21.mat,0.15,1,1,0.82992244
FD_2019_09_09_11_09_21.mat,0.1,0,0,0.618563028
FD_2019_09_09_11_09_21.mat,0.1,1,1,0.78248359
FD_2019_09_09_11_09_21.mat,0.15,0,0,0.797989584
FD_2019_09_09_11_09_21.mat,0.7,1,1,0.616661002
FD_2019_09_09_11_09_21.mat,0.7,1,1,0.581016666
FD_2019_09_09_11_09_21.mat,0.3,1,1,0.583857595
FD_2019_09_09_11_09_21.mat,0.7,1,1,0.76429792
FD_2019_09_09_11_09_21.mat,0.2,1,1,1.013251778
FD_2019_09_09_11_09_21.mat,0.15,1,1,0.901930815
FD_2019_09_09_11_09_21.mat,0.2,1,1,0.697424222
FD_2019_09_09_11_09_21.mat,0.7,0,0,0.482353657
FD_2019_09_09_11_09_21.mat,0.15,0,0,0.632234582
FD_2019_09_09_11_09_21.mat,0.3,0,0,0.58510708
FD_2019_09_09_11_09_21.mat,0.7,0,0,0.630535699
FD_2019_09_09_11_09_21.mat,0.15,1,1,0.60769251
FD_2019_09_09_11_09_21.mat,0.1,0,0,0.562648548
FD_2019_09_09_11_09_21.mat,0.2,1,1,0.533790581
FD_2019_09_09_11_09_21.mat,0.7,0,0,0.44859264
FD_2019_09_09_11_09_21.mat,0.7,0,0,0.46594868
FD_2019_09_09_11_09_21.mat,0.2,0,0,0.668407558
FD_2019_09_09_11_09_21.mat,0.1,1,1,0.54658905
FD_2019_09_09_11_09_21.mat,0.1,0,0,0.916565363
FD_2019_09_09_11_09_21.mat,0.3,1,1,0.548574512
FD_2019_09_09_11_09_21.mat,0.15,1,1,0.66617172
FD_2019_09_09_11_09_21.mat,0.1,1,1,0.68132307
FD_2019_09_09_11_09_21.mat,0.1,1,0,0.533645743
FD_2019_09_09_11_09_21.mat,0.3,0,0,0.566746856
FD_2019_09_09_11_09_21.mat,0.2,1,1,0.581453454
FD_2019_09_09_11_09_21.mat,0.1,1,1,0.715634312
FD_2019_09_09_11_09_21.mat,0.2,0,0,0.499033766
FD_2019_09_09_11_09_21.mat,0.2,0,0,0.56737836
FD_2019_09_09_11_09_21.mat,0.7,0,0,0.49934354
FD_2019_09_09_11_09_21.mat,0.7,0,0,0.565457078
FD_2019_09_09_11_09_21.mat,0.7,1,1,0.481718005
FD_2019_09_09_11_09_21.mat,0.15,0,0,0.549911858
FD_2019_09_09_11_09_21.mat,0.15,1,1,0.483089528
FM_2019_09_09_11_19_34.mat,0.3,0,1,2.33284641
FM_2019_09_09_11_19_34.mat,0.7,0,0,0.82922829
FM_2019_09_09_11_19_34.mat,0.1,1,1,1.497772882
FM_2019_09_09_11_19_34.mat,0.7,0,0,0.681387704
FM_2019_09_09_11_19_34.mat,0.2,0,0,1.032778915
FM_2019_09_09_11_19_34.mat,0.15,0,1,1.632220736
FM_2019_09_09_11_19_34.mat,0.3,0,0,0.767564585
FM_2019_09_09_11_19_34.mat,0.15,0,1,1.280983125
FM_2019_09_09_11_19_34.mat,0.3,0,0,1.23102632
FM_2019_09_09_11_19_34.mat,0.15,1,1,0.950822837
FM_2019_09_09_11_19_34.mat,0.2,1,0,1.083439724
FM_2019_09_09_11_19_34.mat,0.7,1,1,0.747512748
FM_2019_09_09_11_19_34.mat,0.1,0,0,0.799588844
FM_2019_09_09_11_19_34.mat,0.3,1,1,0.865443265
FM_2019_09_09_11_19_34.mat,0.2,0,0,0.866730284
FM_2019_09_09_11_19_34.mat,0.15,0,0,0.881364698
FM_2019_09_09_11_19_34.mat,0.3,1,1,0.6466682
FM_2019_09_09_11_19_34.mat,0.2,1,1,1.295593083
FM_2019_09_09_11_19_34.mat,0.1,1,1,0.765705985
FM_2019_09_09_11_19_34.mat,0.7,1,1,0.582405856
FM_2019_09_09_11_19_34.mat,0.15,0,0,0.599081739
FM_2019_09_09_11_19_34.mat,0.3,1,1,0.631101038
FM_2019_09_09_11_19_34.mat,0.15,1,0,0.815367761
FM_2019_09_09_11_19_34.mat,0.3,0,0,0.69884993
FM_2019_09_09_11_19_34.mat,0.15,1,1,0.683511322
FM_2019_09_09_11_19_34.mat,0.7,1,1,0.564692654
FM_2019_09_09_11_19_34.mat,0.3,0,0,0.61630799
FM_2019_09_09_11_19_34.mat,0.2,1,1,0.448899546
FM_2019_09_09_11_19_34.mat,0.1,1,0,0.465413632
FM_2019_09_09_11_19_34.mat,0.2,0,0,0.714443833
FM_2019_09_09_11_19_34.mat,0.7,1,1,0.449697261
FM_2019_09_09_11_19_34.mat,0.1,0,0,0.549793001
FM_2019_09_09_11_19_34.mat,0.15,0,1,0.849010655
FM_2019_09_09_11_19_34.mat,0.7,0,0,0.48252384
FM_2019_09_09_11_19_34.mat,0.7,0,0,0.499366751
FM_2019_09_09_11_19_34.mat,0.1,0,0,0.566479477
FM_2019_09_09_11_19_34.mat,0.15,1,1,0.782791672
FM_2019_09_09_11_19_34.mat,0.1,0,0,1.364710241
FM_2019_09_09_11_19_34.mat,0.1,1,1,0.850782993
FM_2019_09_09_11_19_34.mat,0.2,1,1,0.56441056
FM_2019_09_09_11_19_34.mat,0.7,0,0,0.532237398
FM_2019_09_09_11_19_34.mat,0.3,0,0,0.532530954
FM_2019_09_09_11_19_34.mat,0.2,0,0,0.48182891
FM_2019_09_09_11_19_34.mat,0.2,0,0,0.732986366
FM_2019_09_09_11_19_34.mat,0.15,0,0,0.515499256
FM_2019_09_09_11_19_34.mat,0.2,0,0,0.465862752
FM_2019_09_09_11_19_34.mat,0.7,1,1,0.449034619
FM_2019_09_09_11_19_34.mat,0.1,0,0,0.916715793
FM_2019_09_09_11_19_34.mat,0.1,1,1,0.615628603
FM_2019_09_09_11_19_34.mat,0.2,1,1,0.597678604
FM_2019_09_09_11_19_34.mat,0.15,1,1,0.517317897
FM_2019_09_09_11_19_34.mat,0.7,0,0,0.46579992
FM_2019_09_09_11_19_34.mat,0.1,1,1,0.549883051
FM_2019_09_09_11_19_34.mat,0.1,0,0,1.315471296
FM_2019_09_09_11_19_34.mat,0.7,1,1,0.61530993
FM_2019_09_09_11_19_34.mat,0.3,1,1,0.548784305
FM_2019_09_09_11_19_34.mat,0.3,1,1,0.49999515
FM_2019_09_09_11_19_34.mat,0.3,1,1,0.399025511
FM_2019_09_09_11_19_34.mat,0.15,1,0,0.78200111
FM_2019_09_09_11_19_34.mat,0.2,1,1,0.63306424
FP_2019_09_09_11_51_49.mat,0.3,0,0,4.068858104
FP_2019_09_09_11_51_49.mat,0.1,0,0,1.333032002
FP_2019_09_09_11_51_49.mat,0.3,0,0,1.581216785
FP_2019_09_09_11_51_49.mat,0.2,0,1,0.915666123
FP_2019_09_09_11_51_49.mat,0.15,0,0,2.581624199
FP_2019_09_09_11_51_49.mat,0.3,1,1,0.94957375
FP_2019_09_09_11_51_49.mat,0.2,1,1,0.89752083
FP_2019_09_09_11_51_49.mat,0.3,0,0,0.883655706
FP_2019_09_09_11_51_49.mat,0.2,1,1,0.967125263
FP_2019_09_09_11_51_49.mat,0.3,0,0,0.748585589
FP_2019_09_09_11_51_49.mat,0.2,1,1,1.098932807
FP_2019_09_09_11_51_49.mat,0.3,1,1,1.74878151
FP_2019_09_09_11_51_49.mat,0.15,1,1,1.448759009
FP_2019_09_09_11_51_49.mat,0.7,1,1,0.915650058
FP_2019_09_09_11_51_49.mat,0.2,1,1,1.066658764
FP_2019_09_09_11_51_49.mat,0.3,1,1,1.065832653
FP_2019_09_09_11_51_49.mat,0.2,0,0,0.733149062
FP_2019_09_09_11_51_49.mat,0.7,1,1,0.783723128
FP_2019_09_09_11_51_49.mat,0.15,1,0,0.931174487
FP_2019_09_09_11_51_49.mat,0.7,1,1,0.634337989
FP_2019_09_09_11_51_49.mat,0.2,0,0,0.89798659
FP_2019_09_09_11_51_49.mat,0.1,0,1,0.967223404
FP_2019_09_09_11_51_49.mat,0.2,1,1,1.04833318
FP_2019_09_09_11_51_49.mat,0.15,1,1,0.781264198
FP_2019_09_09_11_51_49.mat,0.15,0,0,0.750154472
FP_2019_09_09_11_51_49.mat,0.3,1,1,0.831077469
FP_2019_09_09_11_51_49.mat,0.3,0,0,0.99923373
FP_2019_09_09_11_51_49.mat,0.2,0,0,0.832522808
FP_2019_09_09_11_51_49.mat,0.7,0,0,0.765985701
FP_2019_09_09_11_51_49.mat,0.7,0,0,0.734502282
FP_2019_09_09_11_51_49.mat,0.7,0,0,1.249375153
FP_2019_09_09_11_51_49.mat,0.2,0,1,1.347373474
FP_2019_09_09_11_51_49.mat,0.1,1,1,1.01677302
FP_2019_09_09_11_51_49.mat,0.15,0,0,0.748716995
FP_2019_09_09_11_51_49.mat,0.15,0,0,0.9324034
FP_2019_09_09_11_51_49.mat,0.7,1,1,0.782311738
FP_2019_09_09_11_51_49.mat,0.15,1,1,0.967280628
FP_2019_09_09_11_51_49.mat,0.1,0,0,0.896214593
FP_2019_09_09_11_51_49.mat,0.2,0,0,0.934638228
FP_2019_09_09_11_51_49.mat,0.15,0,0,0.979271803
FP_2019_09_09_11_51_49.mat,0.1,0,0,1.21725753
FP_2019_09_09_11_51_49.mat,0.2,1,1,0.599308553
FP_2019_09_09_11_51_49.mat,0.7,1,1,0.699669322
FP_2019_09_09_11_51_49.mat,0.3,1,1,0.629868733
FP_2019_09_09_11_51_49.mat,0.1,1,1,0.984984381
FP_2019_09_09_11_51_49.mat,0.7,1,1,0.696657832
FP_2019_09_09_11_51_49.mat,0.1,1,1,1.28267094
FP_2019_09_09_11_51_49.mat,0.3,0,0,0.749319233
FP_2019_09_09_11_51_49.mat,0.7,0,0,0.68376806
FP_2019_09_09_11_51_49.mat,0.1,0,0,1.06602485
FP_2019_09_09_11_51_49.mat,0.1,1,1,0.697551325
FP_2019_09_09_11_51_49.mat,0.15,1,1,0.798980618
FP_2019_09_09_11_51_49.mat,0.15,1,1,0.866309197
FP_2019_09_09_11_51_49.mat,0.7,0,0,0.716591565
FP_2019_09_09_11_51_49.mat,0.1,0,0,0.98227601
FP_2019_09_09_11_51_49.mat,0.1,1,1,0.665839935
FP_2019_09_09_11_51_49.mat,0.3,1,1,0.715325543
FP_2019_09_09_11_51_49.mat,0.7,0,0,0.732326169
FP_2019_09_09_11_51_49.mat,0.15,0,0,0.865907033
FP_2019_09_09_11_51_49.mat,0.1,1,1,0.68285217
IB_2019_09_09_12_07_50.mat,0.1,1,0,4.77463182
IB_2019_09_09_12_07_50.mat,0.15,1,1,2.88259729
IB_2019_09_09_12_07_50.mat,0.7,1,1,0.844152792
IB_2019_09_09_12_07_50.mat,0.15,1,0,2.365686849
IB_2019_09_09_12_07_50.mat,0.15,0,0,0.991877175
IB_2019_09_09_12_07_50.mat,0.1,0,0,0.814978507
IB_2019_09_09_12_07_50.mat,0.1,1,1,1.831901655
IB_2019_09_09_12_07_50.mat,0.3,1,1,0.816194303
IB_2019_09_09_12_07_50.mat,0.1,0,0,1.21692168
IB_2019_09_09_12_07_50.mat,0.7,1,1,0.71519253
IB_2019_09_09_12_07_50.mat,0.2,0,0,0.699961606
IB_2019_09_09_12_07_50.mat,0.3,1,1,0.68204283
IB_2019_09_09_12_07_50.mat,0.1,0,0,0.68316764
IB_2019_09_09_12_07_50.mat,0.7,0,0,0.583146338
IB_2019_09_09_12_07_50.mat,0.2,0,0,1.531615583
IB_2019_09_09_12_07_50.mat,0.7,1,1,0.582203361
IB_2019_09_09_12_07_50.mat,0.3,1,1,0.750093747
IB_2019_09_09_12_07_50.mat,0.15,0,0,0.632635608
IB_2019_09_09_12_07_50.mat,0.2,1,1,0.649063206
IB_2019_09_09_12_07_50.mat,0.2,0,0,0.698427083
IB_2019_09_09_12_07_50.mat,0.15,0,0,1.033440027
IB_2019_09_09_12_07_50.mat,0.1,0,0,1.367012989
IB_2019_09_09_12_07_50.mat,0.2,1,1,0.815586885
IB_2019_09_09_12_07_50.mat,0.7,1,1,0.581675941
IB_2019_09_09_12_07_50.mat,0.7,0,0,0.616079915
IB_2019_09_09_12_07_50.mat,0.2,1,1,0.832974226
IB_2019_09_09_12_07_50.mat,0.7,0,0,0.683044058
IB_2019_09_09_12_07_50.mat,0.15,0,0,0.966369127
IB_2019_09_09_12_07_50.mat,0.7,1,1,0.582239067
IB_2019_09_09_12_07_50.mat,0.15,0,0,1.732044696
IB_2019_09_09_12_07_50.mat,0.1,1,1,0.950428998
IB_2019_09_09_12_07_50.mat,0.1,0,1,1.580523102
IB_2019_09_09_12_07_50.mat,0.15,1,1,0.8667258
IB_2019_09_09_12_07_50.mat,0.2,1,1,0.750860323
IB_2019_09_09_12_07_50.mat,0.1,1,0,2.63286248
IB_2019_09_09_12_07_50.mat,0.15,1,1,1.313456758
IB_2019_09_09_12_07_50.mat,0.2,1,1,0.615401793
IB_2019_09_09_12_07_50.mat,0.3,1,1,0.734010132
IB_2019_09_09_12_07_50.mat,0.15,1,1,1.396629774
IB_2019_09_09_12_07_50.mat,0.3,0,0,0.76694529
IB_2019_09_09_12_07_50.mat,0.2,1,1,0.61719779
IB_2019_09_09_12_07_50.mat,0.3,0,0,0.54823905
IB_2019_09_09_12_07_50.mat,0.7,0,0,0.715340583
IB_2019_09_09_12_07_50.mat,0.2,0,0,1.082899015
IB_2019_09_09_12_07_50.mat,0.3,1,1,0.647711941
IB_2019_09_09_12_07_50.mat,0.3,0,0,0.616304398
IB_2019_09_09_12_07_50.mat,0.7,0,0,0.76638403
IB_2019_09_09_12_07_50.mat,0.1,1,1,0.631471927
IB_2019_09_09_12_07_50.mat,0.2,0,0,1.648166948
IB_2019_09_09_12_07_50.mat,0.2,0,1,1.815961095
IB_2019_09_09_12_07_50.mat,0.3,0,0,1.567670995
IB_2019_09_09_12_07_50.mat,0.15,0,0,1.41279951
IB_2019_09_09_12_07_50.mat,0.15,1,1,2.031955899
IB_2019_09_09_12_07_50.mat,0.3,0,0,0.650339542
IB_2019_09_09_12_07_50.mat,0.3,1,1,0.631777033
IB_2019_09_09_12_07_50.mat,0.1,1,1,1.799201221
IB_2019_09_09_12_07_50.mat,0.7,0,0,0.64996232
IB_2019_09_09_12_07_50.mat,0.1,0,1,1.865453982
IB_2019_09_09_12_07_50.mat,0.7,1,1,0.600005153
IB_2019_09_09_12_07_50.mat,0.3,0,0,0.599241973
IC_2019_09_09_11_24_13.mat,0.2,0,0,3.268369496
IC_2019_09_09_11_24_13.mat,0.7,1,1,0.67981738
IC_2019_09_09_11_24_13.mat,0.2,1,1,1.52938776
IC_2019_09_09_11_24_13.mat,0.3,0,0,0.566011885
IC_2019_09_09_11_24_13.mat,0.15,1,1,1.199203029
IC_2019_09_09_11_24_13.mat,0.1,1,1,1.398138515
IC_2019_09_09_11_24_13.mat,0.15,0,0,0.632200855
IC_2019_09_09_11_24_13.mat,0.3,0,0,0.715548376
IC_2019_09_09_11_24_13.mat,0.3,1,1,0.515179201
IC_2019_09_09_11_24_13.mat,0.3,0,0,0.483002045
IC_2019_09_09_11_24_13.mat,0.1,0,0,1.86554014
IC_2019_09_09_11_24_13.mat,0.1,0,0,1.082069723
IC_2019_09_09_11_24_13.mat,0.7,0,0,0.550787595
IC_2019_09_09_11_24_13.mat,0.15,0,0,1.565601324
IC_2019_09_09_11_24_13.mat,0.7,1,1,0.549267092
IC_2019_09_09_11_24_13.mat,0.1,0,0,0.645388473
IC_2019_09_09_11_24_13.mat,0.1,0,0,0.717342602
IC_2019_09_09_11_24_13.mat,0.1,0,0,0.781060967
IC_2019_09_09_11_24_13.mat,0.15,1,1,0.465681916
IC_2019_09_09_11_24_13.mat,0.2,0,0,0.467528582
IC_2019_09_09_11_24_13.mat,0.7,0,0,0.466539539
IC_2019_09_09_11_24_13.mat,0.15,0,0,0.648734192
IC_2019_09_09_11_24_13.mat,0.15,1,1,0.548181572
IC_2019_09_09_11_24_13.mat,0.1,1,1,1.246515133
IC_2019_09_09_11_24_13.mat,0.7,0,0,0.499566166
IC_2019_09_09_11_24_13.mat,0.7,0,0,0.516275791
IC_2019_09_09_11_24_13.mat,0.3,1,1,0.499402565
IC_2019_09_09_11_24_13.mat,0.7,0,0,0.415955582
IC_2019_09_09_11_24_13.mat,0.3,0,0,0.699050768
IC_2019_09_09_11_24_13.mat,0.1,1,1,0.717129064
IC_2019_09_09_11_24_13.mat,0.15,1,1,0.763889671
IC_2019_09_09_11_24_13.mat,0.15,1,1,0.549657538
IC_2019_09_09_11_24_13.mat,0.1,1,1,0.61456465
IC_2019_09_09_11_24_13.mat,0.7,0,0,0.548788946
IC_2019_09_09_11_24_13.mat,0.2,1,1,0.465269218
IC_2019_09_09_11_24_13.mat,0.7,1,1,0.533424761
IC_2019_09_09_11_24_13.mat,0.2,1,1,0.582457719
IC_2019_09_09_11_24_13.mat,0.3,0,0,0.483291292
IC_2019_09_09_11_24_13.mat,0.3,0,0,0.446956265
IC_2019_09_09_11_24_13.mat,0.2,1,1,0.533565727
IC_2019_09_09_11_24_13.mat,0.2,1,1,0.483656407
IC_2019_09_09_11_24_13.mat,0.1,1,1,0.664321098
IC_2019_09_09_11_24_13.mat,0.15,1,1,0.565253805
IC_2019_09_09_11_24_13.mat,0.3,1,1,0.566206692
IC_2019_09_09_11_24_13.mat,0.3,1,1,0.548080853
IC_2019_09_09_11_24_13.mat,0.2,1,1,0.601479892
IC_2019_09_09_11_24_13.mat,0.15,0,0,0.547034677
IC_2019_09_09_11_24_13.mat,0.7,1,1,0.482727946
IC_2019_09_09_11_24_13.mat,0.3,1,1,0.531369114
IC_2019_09_09_11_24_13.mat,0.1,0,0,0.649070118
IC_2019_09_09_11_24_13.mat,0.2,0,0,0.5009547
IC_2019_09_09_11_24_13.mat,0.2,0,0,0.699549172
IC_2019_09_09_11_24_13.mat,0.2,0,0,0.463791314
IC_2019_09_09_11_24_13.mat,0.2,0,0,0.482370822
IC_2019_09_09_11_24_13.mat,0.3,1,1,0.468243107
IC_2019_09_09_11_24_13.mat,0.15,0,0,0.413892083
IC_2019_09_09_11_24_13.mat,0.7,1,1,0.349333772
IC_2019_09_09_11_24_13.mat,0.1,1,0,0.38199247
IC_2019_09_09_11_24_13.mat,0.15,0,0,0.499327978
IC_2019_09_09_11_24_13.mat,0.7,1,1,0.431586349
IG_2019_09_09_11_16_57.mat,0.7,0,1,2.025161653
IG_2019_09_09_11_16_57.mat,0.1,0,0,2.483799688
IG_2019_09_09_11_16_57.mat,0.2,1,1,3.128559768
IG_2019_09_09_11_16_57.mat,0.1,0,0,2.948590174
IG_2019_09_09_11_16_57.mat,0.1,0,0,2.749925492
IG_2019_09_09_11_16_57.mat,0.1,1,1,5.965595818
IG_2019_09_09_11_16_57.mat,0.7,1,1,2.816111937
IG_2019_09_09_11_16_57.mat,0.3,0,0,5.484192184
IG_2019_09_09_11_16_57.mat,0.15,1,0,5.164425354
IG_2019_09_09_11_16_57.mat,0.7,0,1,4.05047776
IG_2019_09_09_11_16_57.mat,0.2,0,0,3.883522165
IG_2019_09_09_11_16_57.mat,0.3,0,1,4.881213982
IG_2019_09_09_11_16_57.mat,0.2,0,0,5.683898941
IG_2019_09_09_11_16_57.mat,0.2,1,0,5.132144758
IG_2019_09_09_11_16_57.mat,0.2,1,0,4.633154585
IG_2019_09_09_11_16_57.mat,0.7,1,1,3.616828365
IG_2019_09_09_11_16_57.mat,0.7,0,0,5.631998378
IG_2019_09_09_11_16_57.mat,0.1,1,0,5.665670722
IG_2019_09_09_11_16_57.mat,0.15,1,1,9.367404845
IG_2019_09_09_11_16_57.mat,0.15,0,0,4.647932532
IG_2019_09_09_11_16_57.mat,0.1,0,0,5.54821217
IG_2019_09_09_11_16_57.mat,0.15,1,0,6.88405286
IG_2019_09_09_11_16_57.mat,0.7,1,1,6.76622624
IG_2019_09_09_11_16_57.mat,0.15,0,0,9.766054425
IG_2019_09_09_11_16_57.mat,0.3,1,1,4.899612128
IG_2019_09_09_11_16_57.mat,0.3,1,1,4.063780813
IG_2019_09_09_11_16_57.mat,0.7,1,1,3.583381908
IG_2019_09_09_11_16_57.mat,0.15,1,1,8.18372866
IG_2019_09_09_11_16_57.mat,0.7,0,0,5.83183841
IG_2019_09_09_11_16_57.mat,0.2,0,0,11.983277689
IG_2019_09_09_11_16_57.mat,0.2,0,1,6.832384891
IG_2019_09_09_11_16_57.mat,0.2,0,0,8.032864675
IG_2019_09_09_11_16_57.mat,0.3,0,0,3.315935572
IG_2019_09_09_11_16_57.mat,0.2,1,1,4.800370491
IG_2019_09_09_11_16_57.mat,0.1,1,1,11.181333749
IG_2019_09_09_11_16_57.mat,0.1,1,0,7.898911558
IG_2019_09_09_11_16_57.mat,0.3,0,0,6.132709059
IG_2019_09_09_11_16_57.mat,0.3,0,0,1.700929977
IG_2019_09_09_11_16_57.mat,0.2,1,1,7.449238347
IG_2019_09_09_11_16_57.mat,0.3,0,1,6.83313958
IG_2019_09_09_11_16_57.mat,0.3,1,1,5.982330196
IG_2019_09_09_11_16_57.mat,0.1,0,1,14.580879145
IG_2019_09_09_11_16_57.mat,0.2,0,0,13.19959857
IG_2019_09_09_11_16_57.mat,0.7,1,0,6.666517245
IG_2019_09_09_11_16_57.mat,0.1,1,0,9.598244499
IG_2019_09_09_11_16_57.mat,0.15,1,1,3.767152375
IG_2019_09_09_11_16_57.mat,0.3,1,0,3.264035931
IG_2019_09_09_11_16_57.mat,0.7,0,0,7.015557206
IG_2019_09_09_11_16_57.mat,0.15,0,0,6.383768213
IG_2019_09_09_11_16_57.mat,0.3,1,0,7.233281471
IG_2019_09_09_11_16_57.mat,0.15,1,0,10.648587075
IG_2019_09_09_11_16_57.mat,0.15,0,1,11.368235075
IG_2019_09_09_11_16_57.mat,0.7,0,0,7.46427043
IG_2019_09_09_11_16_57.mat,0.1,0,1,6.43424875
IG_2019_09_09_11_16_57.mat,0.15,0,1,10.497834483
IG_2019_09_09_11_16_57.mat,0.15,0,0,6.782179071
IG_2019_09_09_11_16_57.mat,0.2,1,0,6.116454843
IG_2019_09_09_11_16_57.mat,0.1,1,0,10.098277396
IG_2019_09_09_11_16_57.mat,0.3,1,0,9.798583334
IG_2019_09_09_11_16_57.mat,0.7,1,1,6.148841817
JL_2019_09_09_11_32_56.mat,0.1,1,0,1.54891322
JL_2019_09_09_11_32_56.mat,0.7,0,0,0.921484318
JL_2019_09_09_11_32_56.mat,0.2,0,0,0.812795351
JL_2019_09_09_11_32_56.mat,0.3,1,1,0.965983101
JL_2019_09_09_11_32_56.mat,0.15,1,1,1.167770728
JL_2019_09_09_11_32_56.mat,0.7,1,1,0.714963348
JL_2019_09_09_11_32_56.mat,0.7,0,0,0.597205993
JL_2019_09_09_11_32_56.mat,0.7,0,0,0.550986142
JL_2019_09_09_11_32_56.mat,0.2,1,1,0.847120115
JL_2019_09_09_11_32_56.mat,0.3,1,0,0.96641445
JL_2019_09_09_11_32_56.mat,0.1,0,1,1.083979153
JL_2019_09_09_11_32_56.mat,0.2,1,1,0.997952803
JL_2019_09_09_11_32_56.mat,0.2,1,0,1.381173225
JL_2019_09_09_11_32_56.mat,0.7,1,1,0.86843751
JL_2019_09_09_11_32_56.mat,0.2,0,0,0.664639795
JL_2019_09_09_11_32_56.mat,0.1,1,1,1.815026957
JL_2019_09_09_11_32_56.mat,0.1,0,0,1.400388988
JL_2019_09_09_11_32_56.mat,0.1,1,0,1.148588073
JL_2019_09_09_11_32_56.mat,0.3,0,0,0.814854588
JL_2019_09_09_11_32_56.mat,0.2,1,1,1.015997242
JL_2019_09_09_11_32_56.mat,0.15,1,0,1.16539194
JL_2019_09_09_11_32_56.mat,0.15,0,0,0.748878888
JL_2019_09_09_11_32_56.mat,0.3,0,0,0.616638805
JL_2019_09_09_11_32_56.mat,0.3,0,1,1.38264116
JL_2019_09_09_11_32_56.mat,0.3,1,1,0.648972137
JL_2019_09_09_11_32_56.mat,0.15,0,0,0.599931913
JL_2019_09_09_11_32_56.mat,0.3,1,1,0.615004718
JL_2019_09_09_11_32_56.mat,0.1,0,0,1.16594502
JL_2019_09_09_11_32_56.mat,0.7,0,0,0.700108738
JL_2019_09_09_11_32_56.mat,0.1,1,1,0.746940124
JL_2019_09_09_11_32_56.mat,0.15,0,0,0.68526794
JL_2019_09_09_11_32_56.mat,0.3,0,0,0.781764577
JL_2019_09_09_11_32_56.mat,0.7,1,1,0.698548872
JL_2019_09_09_11_32_56.mat,0.1,0,0,1.082562665
JL_2019_09_09_11_32_56.mat,0.15,1,1,0.9175838
JL_2019_09_09_11_32_56.mat,0.2,0,0,0.729615866
JL_2019_09_09_11_32_56.mat,0.7,1,1,0.66558513
JL_2019_09_09_11_32_56.mat,0.15,0,0,0.699992275
JL_2019_09_09_11_32_56.mat,0.7,1,1,0.48114971
JL_2019_09_09_11_32_56.mat,0.2,1,0,0.35053815
JL_2019_09_09_11_32_56.mat,0.1,0,0,0.532584442
JL_2019_09_09_11_32_56.mat,0.7,0,0,0.481633516
JL_2019_09_09_11_32_56.mat,0.3,0,0,0.533006745
JL_2019_09_09_11_32_56.mat,0.1,1,1,0.548811336
JL_2019_09_09_11_32_56.mat,0.1,1,1,0.765291342
JL_2019_09_09_11_32_56.mat,0.15,1,0,0.982263284
JL_2019_09_09_11_32_56.mat,0.3,0,0,0.618836536
JL_2019_09_09_11_32_56.mat,0.15,0,0,0.61419317
JL_2019_09_09_11_32_56.mat,0.3,1,1,0.532154688
JL_2019_09_09_11_32_56.mat,0.15,0,0,0.482487162
JL_2019_09_09_11_32_56.mat,0.7,0,0,0.450223414
JL_2019_09_09_11_32_56.mat,0.3,1,1,0.499149029
JL_2019_09_09_11_32_56.mat,0.15,1,1,0.499853365
JL_2019_09_09_11_32_56.mat,0.2,1,1,0.548632788
JL_2019_09_09_11_32_56.mat,0.2,0,0,0.498956315
JL_2019_09_09_11_32_56.mat,0.2,0,0,0.465092946
JL_2019_09_09_11_32_56.mat,0.1,0,1,0.75001894
JL_2019_09_09_11_32_56.mat,0.15,1,0,0.950596345
JL_2019_09_09_11_32_56.mat,0.7,1,1,0.547349464
JL_2019_09_09_11_32_56.mat,0.2,0,0,0.432333168
LP_2019_09_09_11_38_38.mat,0.2,0,0,3.316911158
LP_2019_09_09_11_38_38.mat,0.7,0,0,1.034902317
LP_2019_09_09_11_38_38.mat,0.3,1,1,0.896168528
LP_2019_09_09_11_38_38.mat,0.7,0,0,0.765242373
LP_2019_09_09_11_38_38.mat,0.3,1,1,0.797727646
LP_2019_09_09_11_38_38.mat,0.1,1,0,3.484044753
LP_2019_09_09_11_38_38.mat,0.15,1,1,1.882173334
LP_2019_09_09_11_38_38.mat,0.7,1,1,0.916314433
LP_2019_09_09_11_38_38.mat,0.2,1,1,2.065953753
LP_2019_09_09_11_38_38.mat,0.3,0,0,0.883669356
LP_2019_09_09_11_38_38.mat,0.1,0,0,1.181474439
LP_2019_09_09_11_38_38.mat,0.1,1,0,3.915240335
LP_2019_09_09_11_38_38.mat,0.2,1,1,1.049231792
LP_2019_09_09_11_38_38.mat,0.3,0,0,0.797755945
LP_2019_09_09_11_38_38.mat,0.3,1,1,0.76816762
LP_2019_09_09_11_38_38.mat,0.7,1,1,0.78222309
LP_2019_09_09_11_38_38.mat,0.2,0,0,0.7299475
LP_2019_09_09_11_38_38.mat,0.2,0,0,0.63345183
LP_2019_09_09_11_38_38.mat,0.3,0,0,0.532581259
LP_2019_09_09_11_38_38.mat,0.3,1,1,0.648207566
LP_2019_09_09_11_38_38.mat,0.1,0,0,0.766125937
LP_2019_09_09_11_38_38.mat,0.7,0,0,0.633227415
LP_2019_09_09_11_38_38.mat,0.1,1,0,4.483977742
LP_2019_09_09_11_38_38.mat,0.3,0,0,0.747481807
LP_2019_09_09_11_38_38.mat,0.2,0,0,0.815161986
LP_2019_09_09_11_38_38.mat,0.7,0,0,0.665887719
LP_2019_09_09_11_38_38.mat,0.7,1,1,0.666844769
LP_2019_09_09_11_38_38.mat,0.15,0,0,1.166023552
LP_2019_09_09_11_38_38.mat,0.1,1,1,0.69788347
LP_2019_09_09_11_38_38.mat,0.2,1,0,1.851388343
LP_2019_09_09_11_38_38.mat,0.15,1,1,1.715224398
LP_2019_09_09_11_38_38.mat,0.15,1,1,1.749585895
LP_2019_09_09_11_38_38.mat,0.15,0,0,1.296611325
LP_2019_09_09_11_38_38.mat,0.2,0,0,1.068618907
LP_2019_09_09_11_38_38.mat,0.1,0,0,1.264748908
LP_2019_09_09_11_38_38.mat,0.7,0,0,0.864472113
LP_2019_09_09_11_38_38.mat,0.15,0,0,1.149638561
LP_2019_09_09_11_38_38.mat,0.15,0,0,1.048781666
LP_2019_09_09_11_38_38.mat,0.7,0,0,0.714629969
LP_2019_09_09_11_38_38.mat,0.1,0,0,1.884857689
LP_2019_09_09_11_38_38.mat,0.3,1,1,0.64929907
LP_2019_09_09_11_38_38.mat,0.15,1,1,0.91523515
LP_2019_09_09_11_38_38.mat,0.15,0,0,1.215024045
LP_2019_09_09_11_38_38.mat,0.7,1,1,0.717004462
LP_2019_09_09_11_38_38.mat,0.3,1,1,0.532692694
LP_2019_09_09_11_38_38.mat,0.3,0,0,1.049192874
LP_2019_09_09_11_38_38.mat,0.15,1,1,0.699604264
LP_2019_09_09_11_38_38.mat,0.2,0,0,0.847898601
LP_2019_09_09_11_38_38.mat,0.15,1,1,0.600502495
LP_2019_09_09_11_38_38.mat,0.1,0,0,1.364936004
LP_2019_09_09_11_38_38.mat,0.1,0,0,0.916700376
LP_2019_09_09_11_38_38.mat,0.1,1,0,0.915199215
LP_2019_09_09_11_38_38.mat,0.2,1,1,1.634052125
LP_2019_09_09_11_38_38.mat,0.7,1,1,0.782005775
LP_2019_09_09_11_38_38.mat,0.7,1,1,0.734968032
LP_2019_09_09_11_38_38.mat,0.3,0,0,0.731441534
LP_2019_09_09_11_38_38.mat,0.15,0,0,1.150624105
LP_2019_09_09_11_38_38.mat,0.2,1,1,0.831021723
LP_2019_09_09_11_38_38.mat,0.1,1,0,1.582017888
LP_2019_09_09_11_38_38.mat,0.2,1,1,0.966548417
MA_2019_09_09_11_49_33.mat,0.2,0,0,6.121629586
MA_2019_09_09_11_49_33.mat,0.2,0,0,5.504758186
MA_2019_09_09_11_49_33.mat,0.7,1,1,1.44634311
MA_2019_09_09_11_49_33.mat,0.2,1,0,3.282777056
MA_2019_09_09_11_49_33.mat,0.7,0,1,2.047655038
MA_2019_09_09_11_49_33.mat,0.15,0,1,2.900076353
MA_2019_09_09_11_49_33.mat,0.1,0,0,5.450034201
MA_2019_09_09_11_49_33.mat,0.15,0,1,4.565907458
MA_2019_09_09_11_49_33.mat,0.1,0,0,3.349881688
MA_2019_09_09_11_49_33.mat,0.1,0,1,3.033521327
MA_2019_09_09_11_49_33.mat,0.2,1,1,0.677944911
MA_2019_09_09_11_49_33.mat,0.7,1,0,2.3667448
MA_2019_09_09_11_49_33.mat,0.3,1,0,1.082349932
MA_2019_09_09_11_49_33.mat,0.3,0,0,1.231535165
MA_2019_09_09_11_49_33.mat,0.3,1,1,1.533262025
MA_2019_09_09_11_49_33.mat,0.15,0,0,1.581174874
MA_2019_09_09_11_49_33.mat,0.2,1,0,2.667126816
MA_2019_09_09_11_49_33.mat,0.1,0,0,1.848767918
MA_2019_09_09_11_49_33.mat,0.2,0,1,0.80157039
MA_2019_09_09_11_49_33.mat,0.3,1,1,2.263365501
MA_2019_09_09_11_49_33.mat,0.15,0,0,1.882196844
MA_2019_09_09_11_49_33.mat,0.3,0,0,2.501859831
MA_2019_09_09_11_49_33.mat,0.7,0,0,1.096521399
MA_2019_09_09_11_49_33.mat,0.2,0,1,2.432169953
MA_2019_09_09_11_49_33.mat,0.1,0,0,1.616476342
MA_2019_09_09_11_49_33.mat,0.1,1,1,2.049361196
MA_2019_09_09_11_49_33.mat,0.7,1,1,1.565969871
MA_2019_09_09_11_49_33.mat,0.3,0,0,1.10100131
MA_2019_09_09_11_49_33.mat,0.3,1,1,1.114175543
MA_2019_09_09_11_49_33.mat,0.15,1,1,2.799322454
MA_2019_09_09_11_49_33.mat,0.15,1,1,1.36822604
MA_2019_09_09_11_49_33.mat,0.2,1,1,2.21404317
MA_2019_09_09_11_49_33.mat,0.15,0,0,0.918600942
MA_2019_09_09_11_49_33.mat,0.7,0,0,0.746665098
MA_2019_09_09_11_49_33.mat,0.7,1,1,0.698227311
MA_2019_09_09_11_49_33.mat,0.15,1,1,2.932941156
MA_2019_09_09_11_49_33.mat,0.1,1,0,0.89912603
MA_2019_09_09_11_49_33.mat,0.15,1,1,1.6651658
MA_2019_09_09_11_49_33.mat,0.1,1,0,1.299069804
MA_2019_09_09_11_49_33.mat,0.7,0,0,0.751614508
MA_2019_09_09_11_49_33.mat,0.7,0,0,0.896426879
MA_2019_09_09_11_49_33.mat,0.7,1,1,0.665285163
MA_2019_09_09_11_49_33.mat,0.2,1,1,2.866806479
MA_2019_09_09_11_49_33.mat,0.2,0,0,1.348615958
MA_2019_09_09_11_49_33.mat,0.7,0,0,0.950634348
MA_2019_09_09_11_49_33.mat,0.3,0,0,1.314738032
MA_2019_09_09_11_49_33.mat,0.1,1,1,0.816119206
MA_2019_09_09_11_49_33.mat,0.15,0,0,1.198517767
MA_2019_09_09_11_49_33.mat,0.1,0,1,1.599591808
MA_2019_09_09_11_49_33.mat,0.2,1,0,1.499825461
MA_2019_09_09_11_49_33.mat,0.3,0,0,1.165952445
MA_2019_09_09_11_49_33.mat,0.3,1,1,0.797343428
MA_2019_09_09_11_49_33.mat,0.15,1,0,2.065285124
MA_2019_09_09_11_49_33.mat,0.15,1,1,1.185372402
MA_2019_09_09_11_49_33.mat,0.2,0,0,0.899376563
MA_2019_09_09_11_49_33.mat,0.1,1,1,2.546988385
MA_2019_09_09_11_49_33.mat,0.7,1,1,0.83449007
MA_2019_09_09_11_49_33.mat,0.3,1,0,1.565021846
MA_2019_09_09_11_49_33.mat,0.3,0,0,1.081596202
MA_2019_09_09_11_49_33.mat,0.1,1,1,1.265804855
MA_2019_09_09_11_56_23.mat,0.1,0,1,5.168342722
MA_2019_09_09_11_56_23.mat,0.7,0,0,1.306498325
MA_2019_09_09_11_56_23.mat,0.15,0,0,2.013799153
MA_2019_09_09_11_56_23.mat,0.2,0,0,2.86629469
MA_2019_09_09_11_56_23.mat,0.7,1,1,0.648748846
MA_2019_09_09_11_56_23.mat,0.3,1,0,3.565384093
MA_2019_09_09_11_56_23.mat,0.2,0,0,1.432920838
MA_2019_09_09_11_56_23.mat,0.3,0,0,2.016052648
MA_2019_09_09_11_56_23.mat,0.3,1,1,1.115316572
MA_2019_09_09_11_56_23.mat,0.7,0,0,0.614595529
MA_2019_09_09_11_56_23.mat,0.1,0,1,1.333045769
MA_2019_09_09_11_56_23.mat,0.7,0,0,0.7164215
MA_2019_09_09_11_56_23.mat,0.1,0,0,2.165708144
MA_2019_09_09_11_56_23.mat,0.3,1,1,0.549938678
MA_2019_09_09_11_56_23.mat,0.3,1,0,1.433084262
MA_2019_09_09_11_56_23.mat,0.7,1,1,0.73203866
MA_2019_09_09_11_56_23.mat,0.15,1,1,1.89855507
MA_2019_09_09_11_56_23.mat,0.2,0,0,0.783088415
MA_2019_09_09_11_56_23.mat,0.7,1,1,0.533107889
MA_2019_09_09_11_56_23.mat,0.7,1,1,0.716122504
MA_2019_09_09_11_56_23.mat,0.2,0,0,0.634164666
MA_2019_09_09_11_56_23.mat,0.2,1,1,0.613956341
MA_2019_09_09_11_56_23.mat,0.15,1,0,0.401100714
MA_2019_09_09_11_56_23.mat,0.1,1,1,0.881860727
MA_2019_09_09_11_56_23.mat,0.1,1,1,1.631751592
MA_2019_09_09_11_56_23.mat,0.1,1,0,1.967631697
MA_2019_09_09_11_56_23.mat,0.1,0,1,0.632075199
MA_2019_09_09_11_56_23.mat,0.2,1,0,1.499414378
MA_2019_09_09_11_56_23.mat,0.3,0,0,1.181264464
MA_2019_09_09_11_56_23.mat,0.2,0,0,1.765414457
MA_2019_09_09_11_56_23.mat,0.2,1,1,0.91712865
MA_2019_09_09_11_56_23.mat,0.1,1,1,1.848009218
MA_2019_09_09_11_56_23.mat,0.2,1,1,1.399450666
MA_2019_09_09_11_56_23.mat,0.7,0,0,0.582592705
MA_2019_09_09_11_56_23.mat,0.1,1,1,0.981652027
MA_2019_09_09_11_56_23.mat,0.3,0,0,0.698391187
MA_2019_09_09_11_56_23.mat,0.15,0,1,0.83382599
MA_2019_09_09_11_56_23.mat,0.3,0,0,0.949694311
MA_2019_09_09_11_56_23.mat,0.15,1,1,0.782231685
MA_2019_09_09_11_56_23.mat,0.15,0,0,1.299719653
MA_2019_09_09_11_56_23.mat,0.15,1,1,0.546015723
MA_2019_09_09_11_56_23.mat,0.1,0,0,0.966403204
MA_2019_09_09_11_56_23.mat,0.15,1,1,0.66573628
MA_2019_09_09_11_56_23.mat,0.7,0,0,0.682630768
MA_2019_09_09_11_56_23.mat,0.7,1,1,0.617780785
MA_2019_09_09_11_56_23.mat,0.3,0,0,0.664609678
MA_2019_09_09_11_56_23.mat,0.3,1,1,0.799990858
MA_2019_09_09_11_56_23.mat,0.2,0,0,1.330219903
MA_2019_09_09_11_56_23.mat,0.15,0,1,1.668230732
MA_2019_09_09_11_56_23.mat,0.15,0,0,2.065167828
MA_2019_09_09_11_56_23.mat,0.3,1,1,1.08159801
MA_2019_09_09_11_56_23.mat,0.3,0,0,0.981565192
MA_2019_09_09_11_56_23.mat,0.2,1,1,0.999046427
MA_2019_09_09_11_56_23.mat,0.7,0,0,0.681329613
MA_2019_09_09_11_56_23.mat,0.15,1,1,0.864632592
MA_2019_09_09_11_56_23.mat,0.1,0,0,1.165771013
MA_2019_09_09_11_56_23.mat,0.2,1,1,0.850700467
MA_2019_09_09_11_56_23.mat,0.15,0,0,1.04923244
MA_2019_09_09_11_56_23.mat,0.1,1,1,0.630987972
MA_2019_09_09_11_56_23.mat,0.7,1,1,0.932880535
MA_2019_09_09_12_05_08.mat,0.7,1,0,2.770387903
MA_2019_09_09_12_05_08.mat,0.2,1,0,6.446876287
MA_2019_09_09_12_05_08.mat,0.3,1,1,3.015457797
MA_2019_09_09_12_05_08.mat,0.2,1,0,4.30006082
MA_2019_09_09_12_05_08.mat,0.1,0,0,2.582524554
MA_2019_09_09_12_05_08.mat,0.2,0,0,2.099347616
MA_2019_09_09_12_05_08.mat,0.15,0,0,4.648531204
MA_2019_09_09_12_05_08.mat,0.3,0,0,6.88500095
MA_2019_09_09_12_05_08.mat,0.2,1,0,7.413614636
MA_2019_09_09_12_05_08.mat,0.1,1,1,5.417575185
MA_2019_09_09_12_05_08.mat,0.7,0,0,2.514463833
MA_2019_09_09_12_05_08.mat,0.1,0,0,4.74911391
MA_2019_09_09_12_05_08.mat,0.15,0,1,9.00095272
MA_2019_09_09_12_05_08.mat,0.15,0,1,7.38241763
MA_2019_09_09_12_05_08.mat,0.7,1,1,1.44935294
MA_2019_09_09_12_05_08.mat,0.15,1,1,4.349927787
MA_2019_09_09_12_05_08.mat,0.1,1,0,3.497706468
MA_2019_09_09_12_05_08.mat,0.3,0,0,4.132118298
MA_2019_09_09_12_05_08.mat,0.3,0,0,7.33517332
MA_2019_09_09_12_05_08.mat,0.7,0,0,3.863843943
MA_2019_09_09_12_05_08.mat,0.2,1,1,1.36692763
MA_2019_09_09_12_05_08.mat,0.1,1,1,1.633152434
MA_2019_09_09_12_05_08.mat,0.7,0,0,0.865285072
MA_2019_09_09_12_05_08.mat,0.1,1,1,1.268052338
MA_2019_09_09_12_05_08.mat,0.3,1,1,2.381217212
MA_2019_09_09_12_05_08.mat,0.15,1,1,1.932999798
MA_2019_09_09_12_05_08.mat,0.1,0,1,3.382266598
MA_2019_09_09_12_05_08.mat,0.3,1,1,0.865915983
MA_2019_09_09_12_05_08.mat,0.15,1,1,1.015685566
MA_2019_09_09_12_05_08.mat,0.3,1,1,1.199633957
MA_2019_09_09_12_05_08.mat,0.2,0,0,1.831972987
MA_2019_09_09_12_05_08.mat,0.15,1,1,1.066226257
MA_2019_09_09_12_05_08.mat,0.7,1,1,2.400287525
MA_2019_09_09_12_05_08.mat,0.2,0,0,1.632138515
MA_2019_09_09_12_05_08.mat,0.3,0,0,1.582216584
MA_2019_09_09_12_05_08.mat,0.1,0,0,1.699191982
MA_2019_09_09_12_05_08.mat,0.15,1,1,1.151612135
MA_2019_09_09_12_05_08.mat,0.7,1,1,0.880345449
MA_2019_09_09_12_05_08.mat,0.7,0,0,0.717382035
MA_2019_09_09_12_05_08.mat,0.1,0,1,1.879530823
MA_2019_09_09_12_05_08.mat,0.15,0,0,1.100840258
MA_2019_09_09_12_05_08.mat,0.7,1,1,0.684600962
MA_2019_09_09_12_05_08.mat,0.15,0,0,0.913747478
MA_2019_09_09_12_05_08.mat,0.3,1,1,0.698773103
MA_2019_09_09_12_05_08.mat,0.1,1,0,1.38238711
MA_2019_09_09_12_05_08.mat,0.7,1,1,0.59933074
MA_2019_09_09_12_05_08.mat,0.2,0,0,1.132525775
MA_2019_09_09_12_05_08.mat,0.7,0,0,0.815482563
MA_2019_09_09_12_05_08.mat,0.1,1,1,0.83138511
MA_2019_09_09_12_05_08.mat,0.7,0,0,0.631623471
MA_2019_09_09_12_05_08.mat,0.2,0,0,3.350307567
MA_2019_09_09_12_05_08.mat,0.15,0,0,0.997176018
MA_2019_09_09_12_05_08.mat,0.1,0,0,1.165075174
MA_2019_09_09_12_05_08.mat,0.15,1,1,0.816474778
MA_2019_09_09_12_05_08.mat,0.2,1,1,0.833429869
MA_2019_09_09_12_05_08.mat,0.3,0,0,1.179920518
MA_2019_09_09_12_05_08.mat,0.3,0,0,0.766081889
MA_2019_09_09_12_05_08.mat,0.3,1,1,0.967018056
MA_2019_09_09_12_05_08.mat,0.2,0,0,2.865525989
MA_2019_09_09_12_05_08.mat,0.2,1,1,0.748280204
MS_2019_09_09_12_11_28.mat,0.1,0,0,3.751087381
MS_2019_09_09_12_11_28.mat,0.3,0,0,2.247387774
MS_2019_09_09_12_11_28.mat,0.3,0,0,3.748726616
MS_2019_09_09_12_11_28.mat,0.7,0,0,2.763288249
MS_2019_09_09_12_11_28.mat,0.1,1,1,2.061799849
MS_2019_09_09_12_11_28.mat,0.7,0,0,1.130141183
MS_2019_09_09_12_11_28.mat,0.7,1,1,0.715577396
MS_2019_09_09_12_11_28.mat,0.15,0,0,1.148991466
MS_2019_09_09_12_11_28.mat,0.15,1,1,1.932817949
MS_2019_09_09_12_11_28.mat,0.15,1,1,2.41314888
MS_2019_09_09_12_11_28.mat,0.2,1,1,1.399845093
MS_2019_09_09_12_11_28.mat,0.1,1,1,1.781749705
MS_2019_09_09_12_11_28.mat,0.1,1,1,1.981644239
MS_2019_09_09_12_11_28.mat,0.2,1,0,1.297830581
MS_2019_09_09_12_11_28.mat,0.1,0,0,1.065199507
MS_2019_09_09_12_11_28.mat,0.2,0,0,1.33045137
MS_2019_09_09_12_11_28.mat,0.3,1,1,1.432783089
MS_2019_09_09_12_11_28.mat,0.1,0,0,1.199017491
MS_2019_09_09_12_11_28.mat,0.1,1,1,2.283030456
MS_2019_09_09_12_11_28.mat,0.15,0,0,1.231315134
MS_2019_09_09_12_11_28.mat,0.3,0,0,1.148478613
MS_2019_09_09_12_11_28.mat,0.15,0,0,1.580299384
MS_2019_09_09_12_11_28.mat,0.15,0,0,2.848730957
MS_2019_09_09_12_11_28.mat,0.7,0,0,0.899718768
MS_2019_09_09_12_11_28.mat,0.15,0,0,1.316181549
MS_2019_09_09_12_11_28.mat,0.15,1,1,0.999079081
MS_2019_09_09_12_11_28.mat,0.15,1,1,1.698507603
MS_2019_09_09_12_11_28.mat,0.3,0,0,0.982927963
MS_2019_09_09_12_11_28.mat,0.7,0,0,0.896675138
MS_2019_09_09_12_11_28.mat,0.3,0,0,2.532988918
MS_2019_09_09_12_11_28.mat,0.7,1,1,0.833241851
MS_2019_09_09_12_11_28.mat,0.3,0,0,0.81447434
MS_2019_09_09_12_11_28.mat,0.7,1,1,0.716989945
MS_2019_09_09_12_11_28.mat,0.2,1,1,1.0340393
MS_2019_09_09_12_11_28.mat,0.2,0,0,0.76375305
MS_2019_09_09_12_11_28.mat,0.2,0,0,0.998388414
MS_2019_09_09_12_11_28.mat,0.1,0,1,1.51579316
MS_2019_09_09_12_11_28.mat,0.1,1,1,1.966743922
MS_2019_09_09_12_11_28.mat,0.3,1,1,0.765036286
MS_2019_09_09_12_11_28.mat,0.1,0,0,1.598478598
MS_2019_09_09_12_11_28.mat,0.2,1,1,2.433754968
MS_2019_09_09_12_11_28.mat,0.2,0,0,0.815686735
MS_2019_09_09_12_11_28.mat,0.15,1,1,0.66551019
MS_2019_09_09_12_11_28.mat,0.3,1,1,0.681777133
MS_2019_09_09_12_11_28.mat,0.7,1,1,0.700041925
MS_2019_09_09_12_11_28.mat,0.1,0,0,1.080349501
MS_2019_09_09_12_11_28.mat,0.3,1,1,1.016012758
MS_2019_09_09_12_11_28.mat,0.3,1,1,0.818799138
MS_2019_09_09_12_11_28.mat,0.2,1,1,0.763181091
MS_2019_09_09_12_11_28.mat,0.3,1,1,0.749032213
MS_2019_09_09_12_11_28.mat,0.15,1,1,0.89954924
MS_2019_09_09_12_11_28.mat,0.7,0,0,0.6345203
MS_2019_09_09_12_11_28.mat,0.1,1,1,1.196841072
MS_2019_09_09_12_11_28.mat,0.7,0,0,0.634103017
MS_2019_09_09_12_11_28.mat,0.2,1,1,0.630810583
MS_2019_09_09_12_11_28.mat,0.7,1,1,0.567395485
MS_2019_09_09_12_11_28.mat,0.2,0,0,0.678382643
MS_2019_09_09_12_11_28.mat,0.15,0,0,0.834317689
MS_2019_09_09_12_11_28.mat,0.7,1,1,0.614624139
MS_2019_09_09_12_11_28.mat,0.2,0,0,0.684391665
MV_2019_09_09_11_59_36.mat,0.3,1,0,8.119573555
MV_2019_09_09_11_59_36.mat,0.15,0,0,5.177756735
MV_2019_09_09_11_59_36.mat,0.15,0,1,4.630367809
MV_2019_09_09_11_59_36.mat,0.1,0,0,7.450640639
MV_2019_09_09_11_59_36.mat,0.3,0,1,4.281671867
MV_2019_09_09_11_59_36.mat,0.3,1,1,5.330314048
MV_2019_09_09_11_59_36.mat,0.1,1,0,5.901723487
MV_2019_09_09_11_59_36.mat,0.1,1,1,3.748860685
MV_2019_09_09_11_59_36.mat,0.3,1,1,6.03236473
MV_2019_09_09_11_59_36.mat,0.1,1,0,5.481438481
MV_2019_09_09_11_59_36.mat,0.7,0,0,0.966875717
MV_2019_09_09_11_59_36.mat,0.7,1,1,1.331462793
MV_2019_09_09_11_59_36.mat,0.7,0,0,0.782640935
MV_2019_09_09_11_59_36.mat,0.15,1,1,1.765488119
MV_2019_09_09_11_59_36.mat,0.7,1,1,1.233409612
MV_2019_09_09_11_59_36.mat,0.3,1,1,1.249165513
MV_2019_09_09_11_59_36.mat,0.7,1,1,0.981954674
MV_2019_09_09_11_59_36.mat,0.3,0,0,0.950172774
MV_2019_09_09_11_59_36.mat,0.2,1,1,1.316374636
MV_2019_09_09_11_59_36.mat,0.15,1,0,3.883773374
MV_2019_09_09_11_59_36.mat,0.15,0,0,1.214632911
MV_2019_09_09_11_59_36.mat,0.7,1,1,0.684318835
MV_2019_09_09_11_59_36.mat,0.2,1,1,2.381665485
MV_2019_09_09_11_59_36.mat,0.15,0,0,1.95007972
MV_2019_09_09_11_59_36.mat,0.7,0,0,0.93206052
MV_2019_09_09_11_59_36.mat,0.15,1,1,1.465690982
MV_2019_09_09_11_59_36.mat,0.1,0,0,1.197650088
MV_2019_09_09_11_59_36.mat,0.7,0,0,0.734035135
MV_2019_09_09_11_59_36.mat,0.3,0,0,0.896826461
MV_2019_09_09_11_59_36.mat,0.3,1,1,0.816701558
MV_2019_09_09_11_59_36.mat,0.1,0,0,1.066263317
MV_2019_09_09_11_59_36.mat,0.3,0,0,1.467338522
MV_2019_09_09_11_59_36.mat,0.15,1,1,1.981333583
MV_2019_09_09_11_59_36.mat,0.2,0,0,0.867782711
MV_2019_09_09_11_59_36.mat,0.1,0,0,1.081118426
MV_2019_09_09_11_59_36.mat,0.2,0,0,2.332040543
MV_2019_09_09_11_59_36.mat,0.2,0,0,0.932805627
MV_2019_09_09_11_59_36.mat,0.1,1,0,2.816200509
MV_2019_09_09_11_59_36.mat,0.2,1,1,0.880747768
MV_2019_09_09_11_59_36.mat,0.1,0,0,1.850048225
MV_2019_09_09_11_59_36.mat,0.3,0,0,0.88284151
MV_2019_09_09_11_59_36.mat,0.2,1,1,1.016260093
MV_2019_09_09_11_59_36.mat,0.1,1,1,1.580706695
MV_2019_09_09_11_59_36.mat,0.7,0,0,0.632607387
MV_2019_09_09_11_59_36.mat,0.7,1,1,0.583686819
MV_2019_09_09_11_59_36.mat,0.7,1,1,0.714773065
MV_2019_09_09_11_59_36.mat,0.2,1,1,1.164884478
MV_2019_09_09_11_59_36.mat,0.2,0,0,0.733926278
MV_2019_09_09_11_59_36.mat,0.2,0,0,0.714214794
MV_2019_09_09_11_59_36.mat,0.3,0,0,0.632807496
MV_2019_09_09_11_59_36.mat,0.15,0,0,0.933444769
MV_2019_09_09_11_59_36.mat,0.1,1,1,2.331662978
MV_2019_09_09_11_59_36.mat,0.2,1,0,1.816452414
MV_2019_09_09_11_59_36.mat,0.15,1,1,0.933214568
MV_2019_09_09_11_59_36.mat,0.15,1,1,2.48292017
MV_2019_09_09_11_59_36.mat,0.7,0,0,0.750405396
MV_2019_09_09_11_59_36.mat,0.15,0,0,0.949655789
MV_2019_09_09_11_59_36.mat,0.2,0,0,0.630770945
MV_2019_09_09_11_59_36.mat,0.3,1,1,0.649441944
MV_2019_09_09_11_59_36.mat,0.1,0,0,0.833743673
RD_2019_09_09_12_01_20.mat,0.7,1,1,1.034439182
RD_2019_09_09_12_01_20.mat,0.7,0,0,0.454627105
RD_2019_09_09_12_01_20.mat,0.7,1,1,0.448186932
RD_2019_09_09_12_01_20.mat,0.15,1,1,1.199377023
RD_2019_09_09_12_01_20.mat,0.7,0,0,0.48233521
RD_2019_09_09_12_01_20.mat,0.15,0,0,0.66617289
RD_2019_09_09_12_01_20.mat,0.2,1,1,0.564587335
RD_2019_09_09_12_01_20.mat,0.2,0,0,0.449280353
RD_2019_09_09_12_01_20.mat,0.15,0,1,0.332890392
RD_2019_09_09_12_01_20.mat,0.3,0,0,0.681622972
RD_2019_09_09_12_01_20.mat,0.1,1,1,0.483164173
RD_2019_09_09_12_01_20.mat,0.7,0,0,0.516924138
RD_2019_09_09_12_01_20.mat,0.1,1,1,0.531354152
RD_2019_09_09_12_01_20.mat,0.2,0,0,0.781233772
RD_2019_09_09_12_01_20.mat,0.15,1,1,0.684576998
RD_2019_09_09_12_01_20.mat,0.2,0,0,0.547260374
RD_2019_09_09_12_01_20.mat,0.3,1,1,0.51527228
RD_2019_09_09_12_01_20.mat,0.2,0,0,0.433362756
RD_2019_09_09_12_01_20.mat,0.2,0,0,0.582037714
RD_2019_09_09_12_01_20.mat,0.15,0,0,0.466325412
RD_2019_09_09_12_01_20.mat,0.2,1,1,0.515444316
RD_2019_09_09_12_01_20.mat,0.15,1,1,0.601616774
RD_2019_09_09_12_01_20.mat,0.1,0,0,0.513227399
RD_2019_09_09_12_01_20.mat,0.1,1,1,0.45208631
RD_2019_09_09_12_01_20.mat,0.2,1,1,0.479181014
RD_2019_09_09_12_01_20.mat,0.1,0,0,0.415989888
RD_2019_09_09_12_01_20.mat,0.7,1,1,0.350088002
RD_2019_09_09_12_01_20.mat,0.3,1,0,0.348992802
RD_2019_09_09_12_01_20.mat,0.3,1,1,0.865089521
RD_2019_09_09_12_01_20.mat,0.2,0,0,0.549239503
RD_2019_09_09_12_01_20.mat,0.3,0,0,0.46588868
RD_2019_09_09_12_01_20.mat,0.7,0,0,0.482819474
RD_2019_09_09_12_01_20.mat,0.3,0,0,0.565739561
RD_2019_09_09_12_01_20.mat,0.15,0,0,0.500501496
RD_2019_09_09_12_01_20.mat,0.15,0,1,0.61482563
RD_2019_09_09_12_01_20.mat,0.3,0,0,0.598851122
RD_2019_09_09_12_01_20.mat,0.1,1,1,0.583576417
RD_2019_09_09_12_01_20.mat,0.2,1,1,0.682748539
RD_2019_09_09_12_01_20.mat,0.7,1,1,0.515832371
RD_2019_09_09_12_01_20.mat,0.15,0,0,0.516151547
RD_2019_09_09_12_01_20.mat,0.3,0,0,0.550399821
RD_2019_09_09_12_01_20.mat,0.7,1,1,0.449220214
RD_2019_09_09_12_01_20.mat,0.1,0,0,0.59771775
RD_2019_09_09_12_01_20.mat,0.7,1,1,0.383774256
RD_2019_09_09_12_01_20.mat,0.7,0,0,0.466206725
RD_2019_09_09_12_01_20.mat,0.1,1,1,0.382256653
RD_2019_09_09_12_01_20.mat,0.3,0,0,0.399195021
RD_2019_09_09_12_01_20.mat,0.1,1,1,0.416426775
RD_2019_09_09_12_01_20.mat,0.3,1,0,0.3824654
RD_2019_09_09_12_01_20.mat,0.1,0,0,0.481785315
RD_2019_09_09_12_01_20.mat,0.15,1,1,0.55037639
RD_2019_09_09_12_01_20.mat,0.3,1,1,0.483217677
RD_2019_09_09_12_01_20.mat,0.1,0,0,0.530943989
RD_2019_09_09_12_01_20.mat,0.15,1,1,0.448080536
RD_2019_09_09_12_01_20.mat,0.2,1,1,0.450558027
RD_2019_09_09_12_01_20.mat,0.2,1,1,0.447880157
RD_2019_09_09_12_01_20.mat,0.1,0,0,0.484382026
RD_2019_09_09_12_01_20.mat,0.15,1,1,0.547334261
RD_2019_09_09_12_01_20.mat,0.3,1,1,0.497162485
RD_2019_09_09_12_01_20.mat,0.7,0,0,0.501554308
RF_2019_09_09_11_06_43.mat,0.3,0,0,2.253950691
RF_2019_09_09_11_06_43.mat,0.15,0,0,1.752910239
RF_2019_09_09_11_06_43.mat,0.2,1,0,2.913905047
RF_2019_09_09_11_06_43.mat,0.2,1,1,1.6002119
RF_2019_09_09_11_06_43.mat,0.3,1,1,1.144912739
RF_2019_09_09_11_06_43.mat,0.15,1,0,2.431770301
RF_2019_09_09_11_06_43.mat,0.7,0,0,0.932796382
RF_2019_09_09_11_06_43.mat,0.3,1,1,1.117102508
RF_2019_09_09_11_06_43.mat,0.2,1,0,3.447773368
RF_2019_09_09_11_06_43.mat,0.2,1,1,2.050976922
RF_2019_09_09_11_06_43.mat,0.7,1,1,0.982297864
RF_2019_09_09_11_06_43.mat,0.2,0,0,1.432208693
RF_2019_09_09_11_06_43.mat,0.1,1,0,1.830176208
RF_2019_09_09_11_06_43.mat,0.7,1,1,0.912537609
RF_2019_09_09_11_06_43.mat,0.7,1,1,0.985214185
RF_2019_09_09_11_06_43.mat,0.15,1,0,1.430620803
RF_2019_09_09_11_06_43.mat,0.15,1,0,1.684746465
RF_2019_09_09_11_06_43.mat,0.15,1,1,1.363511066
RF_2019_09_09_11_06_43.mat,0.15,1,1,2.69887192
RF_2019_09_09_11_06_43.mat,0.7,0,0,0.881651369
RF_2019_09_09_11_06_43.mat,0.1,1,1,1.715543072
RF_2019_09_09_11_06_43.mat,0.15,1,1,1.617332005
RF_2019_09_09_11_06_43.mat,0.1,0,0,1.03037184
RF_2019_09_09_11_06_43.mat,0.7,1,1,0.918279895
RF_2019_09_09_11_06_43.mat,0.3,0,0,0.815117292
RF_2019_09_09_11_06_43.mat,0.15,0,0,1.013519885
RF_2019_09_09_11_06_43.mat,0.1,0,1,1.948961336
RF_2019_09_09_11_06_43.mat,0.2,0,0,0.981359527
RF_2019_09_09_11_06_43.mat,0.3,0,0,0.997838037
RF_2019_09_09_11_06_43.mat,0.1,1,1,2.615076492
RF_2019_09_09_11_06_43.mat,0.1,1,0,2.016859054
RF_2019_09_09_11_06_43.mat,0.7,1,1,1.049241018
RF_2019_09_09_11_06_43.mat,0.2,0,0,1.115937371
RF_2019_09_09_11_06_43.mat,0.7,0,0,0.949343848
RF_2019_09_09_11_06_43.mat,0.1,1,1,2.333573354
RF_2019_09_09_11_06_43.mat,0.1,0,1,1.815441143
RF_2019_09_09_11_06_43.mat,0.3,1,1,0.916605318
RF_2019_09_09_11_06_43.mat,0.15,0,0,1.04834525
RF_2019_09_09_11_06_43.mat,0.3,1,1,1.233905176
RF_2019_09_09_11_06_43.mat,0.15,0,0,1.180749414
RF_2019_09_09_11_06_43.mat,0.2,0,0,1.21706226
RF_2019_09_09_11_06_43.mat,0.2,1,1,1.099628615
RF_2019_09_09_11_06_43.mat,0.15,0,0,2.881787078
RF_2019_09_09_11_06_43.mat,0.7,0,0,0.813478255
RF_2019_09_09_11_06_43.mat,0.1,1,1,2.96571206
RF_2019_09_09_11_06_43.mat,0.2,0,0,1.667076369
RF_2019_09_09_11_06_43.mat,0.7,0,0,1.031926535
RF_2019_09_09_11_06_43.mat,0.1,0,1,2.967448625
RF_2019_09_09_11_06_43.mat,0.7,1,1,0.73177035
RF_2019_09_09_11_06_43.mat,0.1,0,0,2.547964885
RF_2019_09_09_11_06_43.mat,0.3,1,0,3.166695267
RF_2019_09_09_11_06_43.mat,0.3,1,1,1.599150932
RF_2019_09_09_11_06_43.mat,0.3,0,0,1.131697915
RF_2019_09_09_11_06_43.mat,0.3,0,0,1.949964881
RF_2019_09_09_11_06_43.mat,0.3,0,0,1.166597795
RF_2019_09_09_11_06_43.mat,0.7,0,1,1.933050247
RF_2019_09_09_11_06_43.mat,0.2,1,0,1.730219161
RF_2019_09_09_11_06_43.mat,0.2,0,0,0.916746862
RF_2019_09_09_11_06_43.mat,0.1,0,0,1.799356253
RF_2019_09_09_11_06_43.mat,0.15,0,0,1.181595393
RF_2019_09_09_11_22_14.mat,0.15,1,1,2.69765233
RF_2019_09_09_11_22_14.mat,0.1,0,0,1.214718045
RF_2019_09_09_11_22_14.mat,0.2,0,0,1.732235044
RF_2019_09_09_11_22_14.mat,0.1,1,0,3.815837441
RF_2019_09_09_11_22_14.mat,0.1,1,0,2.798995975
RF_2019_09_09_11_22_14.mat,0.7,0,0,0.93240414
RF_2019_09_09_11_22_14.mat,0.7,0,0,1.433642645
RF_2019_09_09_11_22_14.mat,0.3,1,1,0.916146688
RF_2019_09_09_11_22_14.mat,0.2,1,1,1.29973393
RF_2019_09_09_11_22_14.mat,0.3,1,1,3.614122502
RF_2019_09_09_11_22_14.mat,0.3,1,1,3.583235353
RF_2019_09_09_11_22_14.mat,0.15,1,1,6.81502771
RF_2019_09_09_11_22_14.mat,0.15,1,1,6.100836885
RF_2019_09_09_11_22_14.mat,0.2,1,1,7.898146699
RF_2019_09_09_11_22_14.mat,0.15,0,0,0.99908543
RF_2019_09_09_11_22_14.mat,0.15,1,0,2.215218136
RF_2019_09_09_11_22_14.mat,0.15,0,0,1.41726954
RF_2019_09_09_11_22_14.mat,0.7,1,1,0.947928452
RF_2019_09_09_11_22_14.mat,0.3,1,1,2.517430378
RF_2019_09_09_11_22_14.mat,0.3,0,0,0.764594198
RF_2019_09_09_11_22_14.mat,0.7,0,0,0.683875988
RF_2019_09_09_11_22_14.mat,0.3,0,0,0.73219131
RF_2019_09_09_11_22_14.mat,0.7,1,1,0.682109129
RF_2019_09_09_11_22_14.mat,0.2,0,0,0.549397815
RF_2019_09_09_11_22_14.mat,0.2,1,1,1.546377215
RF_2019_09_09_11_22_14.mat,0.2,0,0,0.848811418
RF_2019_09_09_11_22_14.mat,0.1,0,0,1.681485461
RF_2019_09_09_11_22_14.mat,0.1,0,0,1.184075225
RF_2019_09_09_11_22_14.mat,0.7,1,1,0.615730117
RF_2019_09_09_11_22_14.mat,0.15,1,1,1.28112904
RF_2019_09_09_11_22_14.mat,0.15,0,0,0.698431917
RF_2019_09_09_11_22_14.mat,0.1,1,0,4.318629045
RF_2019_09_09_11_22_14.mat,0.1,0,0,0.765072695
RF_2019_09_09_11_22_14.mat,0.2,0,0,2.898068068
RF_2019_09_09_11_22_14.mat,0.15,0,0,0.816671262
RF_2019_09_09_11_22_14.mat,0.15,0,1,3.281011732
RF_2019_09_09_11_22_14.mat,0.15,0,0,1.75140242
RF_2019_09_09_11_22_14.mat,0.3,0,0,0.880097665
RF_2019_09_09_11_22_14.mat,0.2,1,1,1.10016388
RF_2019_09_09_11_22_14.mat,0.2,1,1,0.81568369
RF_2019_09_09_11_22_14.mat,0.7,1,1,0.766204412
RF_2019_09_09_11_22_14.mat,0.7,1,1,1.665445767
RF_2019_09_09_11_22_14.mat,0.1,0,0,0.867990018
RF_2019_09_09_11_22_14.mat,0.3,1,0,1.731629781
RF_2019_09_09_11_22_14.mat,0.15,1,1,0.832534104
RF_2019_09_09_11_22_14.mat,0.7,0,0,0.717386068
RF_2019_09_09_11_22_14.mat,0.7,1,1,0.798767388
RF_2019_09_09_11_22_14.mat,0.2,0,0,0.597918536
RF_2019_09_09_11_22_14.mat,0.7,0,0,0.598244075
RF_2019_09_09_11_22_14.mat,0.1,1,1,0.882880899
RF_2019_09_09_11_22_14.mat,0.1,1,0,0.867327035
RF_2019_09_09_11_22_14.mat,0.1,0,0,1.197746709
RF_2019_09_09_11_22_14.mat,0.7,0,0,1.232657057
RF_2019_09_09_11_22_14.mat,0.3,0,0,0.91583741
RF_2019_09_09_11_22_14.mat,0.2,0,0,0.765766375
RF_2019_09_09_11_22_14.mat,0.3,0,0,1.99972896
RF_2019_09_09_11_22_14.mat,0.3,0,0,0.882946913
RF_2019_09_09_11_22_14.mat,0.2,1,1,0.715108186
RF_2019_09_09_11_22_14.mat,0.1,1,1,0.999327207
RF_2019_09_09_11_22_14.mat,0.3,1,1,0.699347232
